dataset,metric,method,gamma,alpha,R,L,S,target recall,beam width,k,recall,QPS,mean seen,tail seen,mean expanded,tail expanded,queries,pass,search wall (s)
glove25-25-angular,euclidean,vamana,,1.0,32,64,,0.2,10,1,0.281,1635320.0,10.0,10.0,194.0,256.0,10000,0,5.287
glove25-25-angular,euclidean,vamana,,1.0,32,64,,0.3,11,1,0.3242,1519530.0,11.0,11.0,212.0,279.0,10000,0,5.287
glove25-25-angular,euclidean,vamana,,1.0,32,64,,0.4,14,1,0.4289,1227750.0,14.0,14.0,264.0,349.0,10000,0,5.287
glove25-25-angular,euclidean,vamana,,1.0,32,64,,0.5,11,1,0.5707,992063.0,21.0,36.0,382.0,658.0,10000,0,5.287
glove25-25-angular,euclidean,vamana,,1.0,32,64,,0.6,15,1,0.602,833264.0,25.0,42.0,445.0,754.0,10000,0,5.287
glove25-25-angular,euclidean,vamana,,1.0,32,64,,0.7,120,1,0.7034,178888.0,138.0,181.0,1913.0,2855.0,10000,0,5.287
glove25-25-angular,euclidean,vamana,,1.0,32,64,,0.2,10,10,0.25379,1589320.0,10.0,10.0,194.0,256.0,10000,0,5.783
glove25-25-angular,euclidean,vamana,,1.0,32,64,,0.3,12,10,0.34091,1364260.0,12.0,12.0,229.0,303.0,10000,0,5.783
glove25-25-angular,euclidean,vamana,,1.0,32,64,,0.4,14,10,0.41031,1200480.0,14.0,14.0,264.0,349.0,10000,0,5.783
glove25-25-angular,euclidean,vamana,,1.0,32,64,,0.5,18,10,0.50042,950299.0,18.0,18.0,330.0,442.0,10000,0,5.783
glove25-25-angular,euclidean,vamana,,1.0,32,64,,0.6,16,10,0.60274,769704.0,26.0,44.0,460.0,777.0,10000,0,5.783
glove25-25-angular,euclidean,vamana,,1.0,32,64,,0.7,60,10,0.70363,306890.0,74.0,110.0,1123.0,1742.0,10000,0,5.783
glove25-25-angular,euclidean,mod-vamana,0.9,1.0,32,64,1399,0.1,14,1,0.1048,1677290.0,14.0,14.0,151.0,221.0,10000,0,4.875
glove25-25-angular,euclidean,mod-vamana,0.9,1.0,32,64,1399,0.2,21,1,0.2056,1193890.0,21.0,21.0,207.0,303.0,10000,0,4.875
glove25-25-angular,euclidean,mod-vamana,0.9,1.0,32,64,1399,0.3,11,1,0.3019,1106930.0,26.0,50.0,251.0,481.0,10000,0,4.875
glove25-25-angular,euclidean,mod-vamana,0.9,1.0,32,64,1399,0.4,20,1,0.4042,731154.0,41.0,75.0,351.0,664.0,10000,0,4.875
glove25-25-angular,euclidean,mod-vamana,0.9,1.0,32,64,1399,0.5,45,1,0.5069,444405.0,74.0,134.0,566.0,1029.0,10000,0,4.875
glove25-25-angular,euclidean,mod-vamana,0.9,1.0,32,64,1399,0.6,140,1,0.6048,175670.0,190.0,333.0,1239.0,2121.0,10000,0,4.875
glove25-25-angular,euclidean,mod-vamana,0.9,1.0,32,64,1399,0.1,15,10,0.10882,1473400.0,15.0,15.0,159.0,234.0,10000,0,5.445
glove25-25-angular,euclidean,mod-vamana,0.9,1.0,32,64,1399,0.2,22,10,0.20438,1064170.0,22.0,22.0,215.0,313.0,10000,0,5.445
glove25-25-angular,euclidean,mod-vamana,0.9,1.0,32,64,1399,0.3,13,10,0.31081,940292.0,29.0,56.0,273.0,527.0,10000,0,5.445
glove25-25-angular,euclidean,mod-vamana,0.9,1.0,32,64,1399,0.4,24,10,0.41264,662076.0,45.0,83.0,383.0,719.0,10000,0,5.445
glove25-25-angular,euclidean,mod-vamana,0.9,1.0,32,64,1399,0.5,45,10,0.50286,382599.0,74.0,134.0,566.0,1029.0,10000,0,5.445
glove25-25-angular,euclidean,mod-vamana,0.9,1.0,32,64,1399,0.6,120,10,0.60327,200743.0,165.0,291.0,1101.0,1890.0,10000,0,5.445
glove25-25-angular,euclidean,mod-vamana,0.9,1.0,32,64,1399,0.7,750,10,0.70023,37220.4,901.0,1230.0,4751.0,7134.0,10000,0,5.445
glove25-25-angular,euclidean,mod-vamana,0.91,1.0,32,64,1399,0.1,16,1,0.1021,1614200.0,16.0,16.0,148.0,225.0,10000,0,4.764
glove25-25-angular,euclidean,mod-vamana,0.91,1.0,32,64,1399,0.2,23,1,0.2021,1117070.0,23.0,23.0,207.0,311.0,10000,0,4.764
glove25-25-angular,euclidean,mod-vamana,0.91,1.0,32,64,1399,0.3,11,1,0.3092,1039930.0,29.0,53.0,258.0,499.0,10000,0,4.764
glove25-25-angular,euclidean,mod-vamana,0.91,1.0,32,64,1399,0.4,20,1,0.4056,744823.0,43.0,77.0,358.0,662.0,10000,0,4.764
glove25-25-angular,euclidean,mod-vamana,0.91,1.0,32,64,1399,0.5,40,1,0.5051,474136.0,69.0,124.0,533.0,955.0,10000,0,4.764
glove25-25-angular,euclidean,mod-vamana,0.91,1.0,32,64,1399,0.6,120,1,0.6003,207879.0,166.0,280.0,1121.0,1887.0,10000,0,4.764
glove25-25-angular,euclidean,mod-vamana,0.91,1.0,32,64,1399,0.1,17,10,0.10366,1411230.0,17.0,17.0,157.0,238.0,10000,0,5.268
glove25-25-angular,euclidean,mod-vamana,0.91,1.0,32,64,1399,0.2,24,10,0.20226,1020100.0,24.0,24.0,215.0,323.0,10000,0,5.268
glove25-25-angular,euclidean,mod-vamana,0.91,1.0,32,64,1399,0.3,12,10,0.30935,958681.0,31.0,56.0,270.0,513.0,10000,0,5.268
glove25-25-angular,euclidean,mod-vamana,0.91,1.0,32,64,1399,0.4,22,10,0.40639,669927.0,45.0,80.0,373.0,689.0,10000,0,5.268
glove25-25-angular,euclidean,mod-vamana,0.91,1.0,32,64,1399,0.5,45,10,0.5103,424214.0,76.0,133.0,576.0,1047.0,10000,0,5.268
glove25-25-angular,euclidean,mod-vamana,0.91,1.0,32,64,1399,0.6,120,10,0.60782,205774.0,166.0,280.0,1121.0,1887.0,10000,0,5.268
glove25-25-angular,euclidean,mod-vamana,0.91,1.0,32,64,1399,0.7,750,10,0.70303,38409.2,898.0,1187.0,4852.0,7266.0,10000,0,5.268
glove25-25-angular,euclidean,mod-vamana,0.92,1.0,32,64,1399,0.1,15,1,0.106,1662230.0,15.0,15.0,149.0,224.0,10000,0,4.872
glove25-25-angular,euclidean,mod-vamana,0.92,1.0,32,64,1399,0.2,22,1,0.2146,1150880.0,22.0,22.0,208.0,312.0,10000,0,4.872
glove25-25-angular,euclidean,mod-vamana,0.92,1.0,32,64,1399,0.3,10,1,0.3043,1070890.0,26.0,48.0,245.0,472.0,10000,0,4.872
glove25-25-angular,euclidean,mod-vamana,0.92,1.0,32,64,1399,0.4,18,1,0.4065,781311.0,39.0,71.0,343.0,647.0,10000,0,4.872
glove25-25-angular,euclidean,mod-vamana,0.92,1.0,32,64,1399,0.5,36,1,0.5018,488806.0,63.0,113.0,510.0,944.0,10000,0,4.872
glove25-25-angular,euclidean,mod-vamana,0.92,1.0,32,64,1399,0.6,120,1,0.6081,198263.0,165.0,279.0,1147.0,1908.0,10000,0,4.872
glove25-25-angular,euclidean,mod-vamana,0.92,1.0,32,64,1399,0.1,16,10,0.11144,1444250.0,16.0,16.0,157.0,236.0,10000,0,5.422
glove25-25-angular,euclidean,mod-vamana,0.92,1.0,32,64,1399,0.2,22,10,0.20008,1105580.0,22.0,22.0,208.0,312.0,10000,0,5.422
glove25-25-angular,euclidean,mod-vamana,0.92,1.0,32,64,1399,0.3,11,10,0.30375,1038530.0,28.0,50.0,257.0,495.0,10000,0,5.422
glove25-25-angular,euclidean,mod-vamana,0.92,1.0,32,64,1399,0.4,19,10,0.40109,733407.0,40.0,73.0,352.0,670.0,10000,0,5.422
glove25-25-angular,euclidean,mod-vamana,0.92,1.0,32,64,1399,0.5,38,10,0.50128,460999.0,65.0,116.0,524.0,959.0,10000,0,5.422
glove25-25-angular,euclidean,mod-vamana,0.92,1.0,32,64,1399,0.6,100,10,0.60186,224674.0,142.0,245.0,1010.0,1720.0,10000,0,5.422
glove25-25-angular,euclidean,mod-vamana,0.92,1.0,32,64,1399,0.7,750,10,0.70575,38120.4,891.0,1179.0,4950.0,7345.0,10000,0,5.422
glove25-25-angular,euclidean,mod-vamana,0.93,1.0,32,64,1399,0.1,14,1,0.1128,1757470.0,14.0,14.0,145.0,214.0,10000,0,4.809
glove25-25-angular,euclidean,mod-vamana,0.93,1.0,32,64,1399,0.2,19,1,0.2033,1260880.0,19.0,19.0,190.0,276.0,10000,0,4.809
glove25-25-angular,euclidean,mod-vamana,0.93,1.0,32,64,1399,0.3,10,1,0.322,1111110.0,25.0,46.0,246.0,468.0,10000,0,4.809
glove25-25-angular,euclidean,mod-vamana,0.93,1.0,32,64,1399,0.4,17,1,0.4116,832224.0,37.0,67.0,333.0,623.0,10000,0,4.809
glove25-25-angular,euclidean,mod-vamana,0.93,1.0,32,64,1399,0.5,34,1,0.5011,532340.0,59.0,108.0,501.0,925.0,10000,0,4.809
glove25-25-angular,euclidean,mod-vamana,0.93,1.0,32,64,1399,0.6,100,1,0.6035,243457.0,138.0,235.0,1021.0,1729.0,10000,0,4.809
glove25-25-angular,euclidean,mod-vamana,0.93,1.0,32,64,1399,0.1,15,10,0.11747,1580030.0,15.0,15.0,154.0,227.0,10000,0,5.221
glove25-25-angular,euclidean,mod-vamana,0.93,1.0,32,64,1399,0.2,20,10,0.20407,1161440.0,20.0,20.0,198.0,288.0,10000,0,5.221
glove25-25-angular,euclidean,mod-vamana,0.93,1.0,32,64,1399,0.3,11,10,0.32414,1047560.0,27.0,48.0,258.0,488.0,10000,0,5.221
glove25-25-angular,euclidean,mod-vamana,0.93,1.0,32,64,1399,0.4,18,10,0.40618,769231.0,38.0,68.0,342.0,632.0,10000,0,5.221
glove25-25-angular,euclidean,mod-vamana,0.93,1.0,32,64,1399,0.5,36,10,0.50398,499376.0,61.0,110.0,515.0,940.0,10000,0,5.221
glove25-25-angular,euclidean,mod-vamana,0.93,1.0,32,64,1399,0.6,90,10,0.60075,257878.0,127.0,215.0,950.0,1625.0,10000,0,5.221
glove25-25-angular,euclidean,mod-vamana,0.93,1.0,32,64,1399,0.7,750,10,0.70898,38658.1,884.0,1147.0,5081.0,7605.0,10000,0,5.221
glove25-25-angular,euclidean,mod-vamana,0.94,1.0,32,64,1399,0.1,13,1,0.1133,1696930.0,13.0,13.0,155.0,228.0,10000,0,4.917
glove25-25-angular,euclidean,mod-vamana,0.94,1.0,32,64,1399,0.2,18,1,0.2053,1229110.0,18.0,18.0,202.0,294.0,10000,0,4.917
glove25-25-angular,euclidean,mod-vamana,0.94,1.0,32,64,1399,0.3,11,1,0.3468,1061800.0,26.0,49.0,276.0,525.0,10000,0,4.917
glove25-25-angular,euclidean,mod-vamana,0.94,1.0,32,64,1399,0.4,16,1,0.406,854993.0,33.0,60.0,329.0,619.0,10000,0,4.917
glove25-25-angular,euclidean,mod-vamana,0.94,1.0,32,64,1399,0.5,32,1,0.5059,544662.0,54.0,97.0,492.0,908.0,10000,0,4.917
glove25-25-angular,euclidean,mod-vamana,0.94,1.0,32,64,1399,0.6,90,1,0.6003,249756.0,126.0,218.0,982.0,1682.0,10000,0,4.917
glove25-25-angular,euclidean,mod-vamana,0.94,1.0,32,64,1399,0.1,13,10,0.10702,1617080.0,13.0,13.0,155.0,228.0,10000,0,5.337
glove25-25-angular,euclidean,mod-vamana,0.94,1.0,32,64,1399,0.2,19,10,0.20871,1126380.0,19.0,19.0,211.0,307.0,10000,0,5.337
glove25-25-angular,euclidean,mod-vamana,0.94,1.0,32,64,1399,0.3,11,10,0.33308,1018950.0,26.0,49.0,276.0,525.0,10000,0,5.337
glove25-25-angular,euclidean,mod-vamana,0.94,1.0,32,64,1399,0.4,17,10,0.41059,780457.0,36.0,67.0,354.0,668.0,10000,0,5.337
glove25-25-angular,euclidean,mod-vamana,0.94,1.0,32,64,1399,0.5,34,10,0.51011,508647.0,58.0,105.0,521.0,961.0,10000,0,5.337
glove25-25-angular,euclidean,mod-vamana,0.94,1.0,32,64,1399,0.6,90,10,0.60992,248324.0,126.0,218.0,982.0,1682.0,10000,0,5.337
glove25-25-angular,euclidean,mod-vamana,0.94,1.0,32,64,1399,0.7,500,10,0.70122,56319.0,598.0,836.0,3724.0,5648.0,10000,0,5.337
glove25-25-angular,euclidean,mod-vamana,0.95,1.0,32,64,1399,0.1,12,1,0.1106,1812910.0,12.0,12.0,145.0,211.0,10000,0,4.994
glove25-25-angular,euclidean,mod-vamana,0.95,1.0,32,64,1399,0.2,17,1,0.204,1287170.0,17.0,17.0,194.0,281.0,10000,0,4.994
glove25-25-angular,euclidean,mod-vamana,0.95,1.0,32,64,1399,0.3,10,1,0.3445,1092300.0,24.0,45.0,262.0,498.0,10000,0,4.994
glove25-25-angular,euclidean,mod-vamana,0.95,1.0,32,64,1399,0.4,14,1,0.4004,932836.0,30.0,55.0,308.0,576.0,10000,0,4.994
glove25-25-angular,euclidean,mod-vamana,0.95,1.0,32,64,1399,0.5,28,1,0.5019,585069.0,49.0,90.0,463.0,847.0,10000,0,4.994
glove25-25-angular,euclidean,mod-vamana,0.95,1.0,32,64,1399,0.6,80,1,0.6008,286262.0,111.0,195.0,914.0,1577.0,10000,0,4.994
glove25-25-angular,euclidean,mod-vamana,0.95,1.0,32,64,1399,0.1,13,10,0.11826,1633190.0,13.0,13.0,155.0,225.0,10000,0,5.377
glove25-25-angular,euclidean,mod-vamana,0.95,1.0,32,64,1399,0.2,18,10,0.20844,1223390.0,18.0,18.0,203.0,293.0,10000,0,5.377
glove25-25-angular,euclidean,mod-vamana,0.95,1.0,32,64,1399,0.3,11,10,0.34626,1000500.0,26.0,48.0,275.0,521.0,10000,0,5.377
glove25-25-angular,euclidean,mod-vamana,0.95,1.0,32,64,1399,0.4,16,10,0.40519,842389.0,32.0,59.0,328.0,611.0,10000,0,5.377
glove25-25-angular,euclidean,mod-vamana,0.95,1.0,32,64,1399,0.5,30,10,0.50239,547226.0,51.0,94.0,480.0,878.0,10000,0,5.377
glove25-25-angular,euclidean,mod-vamana,0.95,1.0,32,64,1399,0.6,80,10,0.60907,280521.0,111.0,195.0,914.0,1577.0,10000,0,5.377
glove25-25-angular,euclidean,mod-vamana,0.95,1.0,32,64,1399,0.7,500,10,0.70481,55859.4,592.0,820.0,3825.0,5839.0,10000,0,5.377
glove25-25-angular,euclidean,mod-vamana,0.96,1.0,32,64,1399,0.1,12,1,0.1206,1842300.0,12.0,12.0,143.0,208.0,10000,0,4.94
glove25-25-angular,euclidean,mod-vamana,0.96,1.0,32,64,1399,0.2,16,1,0.2099,1421870.0,16.0,16.0,185.0,265.0,10000,0,4.94
glove25-25-angular,euclidean,mod-vamana,0.96,1.0,32,64,1399,0.3,10,1,0.3701,1095530.0,24.0,44.0,263.0,496.0,10000,0,4.94
glove25-25-angular,euclidean,mod-vamana,0.96,1.0,32,64,1399,0.4,13,1,0.4096,979720.0,28.0,50.0,298.0,550.0,10000,0,4.94
glove25-25-angular,euclidean,mod-vamana,0.96,1.0,32,64,1399,0.5,24,1,0.5003,661332.0,42.0,74.0,417.0,759.0,10000,0,4.94
glove25-25-angular,euclidean,mod-vamana,0.96,1.0,32,64,1399,0.6,80,1,0.6058,290175.0,108.0,184.0,924.0,1593.0,10000,0,4.94
glove25-25-angular,euclidean,mod-vamana,0.96,1.0,32,64,1399,0.1,12,10,0.11083,1774310.0,12.0,12.0,143.0,208.0,10000,0,5.394
glove25-25-angular,euclidean,mod-vamana,0.96,1.0,32,64,1399,0.2,17,10,0.21976,1268710.0,17.0,17.0,195.0,280.0,10000,0,5.394
glove25-25-angular,euclidean,mod-vamana,0.96,1.0,32,64,1399,0.3,22,10,0.30474,1023120.0,22.0,22.0,243.0,351.0,10000,0,5.394
glove25-25-angular,euclidean,mod-vamana,0.96,1.0,32,64,1399,0.4,14,10,0.41134,890472.0,29.0,53.0,309.0,563.0,10000,0,5.394
glove25-25-angular,euclidean,mod-vamana,0.96,1.0,32,64,1399,0.5,26,10,0.50653,601287.0,45.0,82.0,448.0,819.0,10000,0,5.394
glove25-25-angular,euclidean,mod-vamana,0.96,1.0,32,64,1399,0.6,65,10,0.60498,321916.0,92.0,160.0,806.0,1417.0,10000,0,5.394
glove25-25-angular,euclidean,mod-vamana,0.96,1.0,32,64,1399,0.7,375,10,0.70182,71443.4,445.0,619.0,3121.0,4770.0,10000,0,5.394
glove25-25-angular,euclidean,mod-vamana,0.97,1.0,32,64,1399,0.1,12,1,0.1222,1805050.0,12.0,12.0,152.0,214.0,10000,0,4.81
glove25-25-angular,euclidean,mod-vamana,0.97,1.0,32,64,1399,0.2,16,1,0.2198,1340840.0,16.0,16.0,197.0,277.0,10000,0,4.81
glove25-25-angular,euclidean,mod-vamana,0.97,1.0,32,64,1399,0.3,20,1,0.3081,1091230.0,20.0,20.0,238.0,336.0,10000,0,4.81
glove25-25-angular,euclidean,mod-vamana,0.97,1.0,32,64,1399,0.4,11,1,0.4128,1027430.0,26.0,45.0,296.0,541.0,10000,0,4.81
glove25-25-angular,euclidean,mod-vamana,0.97,1.0,32,64,1399,0.5,20,1,0.5002,729554.0,37.0,65.0,404.0,737.0,10000,0,4.81
glove25-25-angular,euclidean,mod-vamana,0.97,1.0,32,64,1399,0.6,60,1,0.6034,355593.0,84.0,146.0,796.0,1370.0,10000,0,4.81
glove25-25-angular,euclidean,mod-vamana,0.97,1.0,32,64,1399,0.7,1000,1,0.7007,28037.8,1135.0,1339.0,7431.0,11059.0,10000,0,4.81
glove25-25-angular,euclidean,mod-vamana,0.97,1.0,32,64,1399,0.1,12,10,0.1135,1652070.0,12.0,12.0,152.0,214.0,10000,0,5.353
glove25-25-angular,euclidean,mod-vamana,0.97,1.0,32,64,1399,0.2,16,10,0.20958,1284360.0,16.0,16.0,197.0,277.0,10000,0,5.353
glove25-25-angular,euclidean,mod-vamana,0.97,1.0,32,64,1399,0.3,21,10,0.30997,1022600.0,21.0,21.0,248.0,350.0,10000,0,5.353
glove25-25-angular,euclidean,mod-vamana,0.97,1.0,32,64,1399,0.4,12,10,0.41258,943841.0,27.0,47.0,308.0,565.0,10000,0,5.353
glove25-25-angular,euclidean,mod-vamana,0.97,1.0,32,64,1399,0.5,22,10,0.5,659718.0,39.0,68.0,423.0,770.0,10000,0,5.353
glove25-25-angular,euclidean,mod-vamana,0.97,1.0,32,64,1399,0.6,55,10,0.60267,364471.0,78.0,135.0,746.0,1293.0,10000,0,5.353
glove25-25-angular,euclidean,mod-vamana,0.97,1.0,32,64,1399,0.7,300,10,0.70064,85693.5,355.0,489.0,2730.0,4177.0,10000,0,5.353
glove25-25-angular,euclidean,mod-vamana,0.98,1.0,32,64,1399,0.1,11,1,0.1103,1826150.0,11.0,11.0,149.0,207.0,10000,0,4.992
glove25-25-angular,euclidean,mod-vamana,0.98,1.0,32,64,1399,0.2,14,1,0.2005,1492980.0,14.0,14.0,186.0,256.0,10000,0,4.992
glove25-25-angular,euclidean,mod-vamana,0.98,1.0,32,64,1399,0.3,18,1,0.3018,1138950.0,18.0,18.0,233.0,321.0,10000,0,4.992
glove25-25-angular,euclidean,mod-vamana,0.98,1.0,32,64,1399,0.4,10,1,0.424,1013990.0,24.0,42.0,300.0,549.0,10000,0,4.992
glove25-25-angular,euclidean,mod-vamana,0.98,1.0,32,64,1399,0.5,17,1,0.5026,749794.0,33.0,59.0,396.0,715.0,10000,0,4.992
glove25-25-angular,euclidean,mod-vamana,0.98,1.0,32,64,1399,0.6,50,1,0.6079,390366.0,71.0,122.0,740.0,1260.0,10000,0,4.992
glove25-25-angular,euclidean,mod-vamana,0.98,1.0,32,64,1399,0.7,750,1,0.7007,35359.2,850.0,1005.0,6226.0,9306.0,10000,0,4.992
glove25-25-angular,euclidean,mod-vamana,0.98,1.0,32,64,1399,0.1,11,10,0.10176,1793720.0,11.0,11.0,149.0,207.0,10000,0,5.345
glove25-25-angular,euclidean,mod-vamana,0.98,1.0,32,64,1399,0.2,15,10,0.21197,1313890.0,15.0,15.0,198.0,274.0,10000,0,5.345
glove25-25-angular,euclidean,mod-vamana,0.98,1.0,32,64,1399,0.3,19,10,0.3042,1068830.0,19.0,19.0,244.0,338.0,10000,0,5.345
glove25-25-angular,euclidean,mod-vamana,0.98,1.0,32,64,1399,0.4,11,10,0.42601,964878.0,25.0,44.0,313.0,574.0,10000,0,5.345
glove25-25-angular,euclidean,mod-vamana,0.98,1.0,32,64,1399,0.5,18,10,0.50299,746993.0,34.0,61.0,406.0,738.0,10000,0,5.345
glove25-25-angular,euclidean,mod-vamana,0.98,1.0,32,64,1399,0.6,45,10,0.60551,426876.0,65.0,112.0,685.0,1179.0,10000,0,5.345
glove25-25-angular,euclidean,mod-vamana,0.98,1.0,32,64,1399,0.7,250,10,0.70282,103302.0,295.0,404.0,2503.0,3824.0,10000,0,5.345
glove25-25-angular,euclidean,mod-vamana,0.99,1.0,32,64,1399,0.1,10,1,0.1431,1995210.0,10.0,10.0,149.0,200.0,10000,0,4.941
glove25-25-angular,euclidean,mod-vamana,0.99,1.0,32,64,1399,0.2,12,1,0.2166,1698950.0,12.0,12.0,178.0,237.0,10000,0,4.941
glove25-25-angular,euclidean,mod-vamana,0.99,1.0,32,64,1399,0.3,15,1,0.3077,1350440.0,15.0,15.0,218.0,293.0,10000,0,4.941
glove25-25-angular,euclidean,mod-vamana,0.99,1.0,32,64,1399,0.4,11,1,0.4811,1044930.0,23.0,41.0,323.0,582.0,10000,0,4.941
glove25-25-angular,euclidean,mod-vamana,0.99,1.0,32,64,1399,0.5,13,1,0.5023,939408.0,26.0,45.0,350.0,629.0,10000,0,4.941
glove25-25-angular,euclidean,mod-vamana,0.99,1.0,32,64,1399,0.6,34,1,0.6038,517277.0,50.0,86.0,618.0,1055.0,10000,0,4.941
glove25-25-angular,euclidean,mod-vamana,0.99,1.0,32,64,1399,0.7,500,1,0.703,50838.6,565.0,683.0,4888.0,7289.0,10000,0,4.941
glove25-25-angular,euclidean,mod-vamana,0.99,1.0,32,64,1399,0.1,10,10,0.13044,1816530.0,10.0,10.0,149.0,200.0,10000,0,5.484
glove25-25-angular,euclidean,mod-vamana,0.99,1.0,32,64,1399,0.2,13,10,0.23201,1464560.0,13.0,13.0,191.0,256.0,10000,0,5.484
glove25-25-angular,euclidean,mod-vamana,0.99,1.0,32,64,1399,0.3,16,10,0.31716,1195890.0,16.0,16.0,230.0,311.0,10000,0,5.484
glove25-25-angular,euclidean,mod-vamana,0.99,1.0,32,64,1399,0.4,11,10,0.46913,986680.0,23.0,41.0,323.0,582.0,10000,0,5.484
glove25-25-angular,euclidean,mod-vamana,0.99,1.0,32,64,1399,0.5,14,10,0.50147,858664.0,27.0,47.0,362.0,644.0,10000,0,5.484
glove25-25-angular,euclidean,mod-vamana,0.99,1.0,32,64,1399,0.6,34,10,0.60675,503423.0,50.0,86.0,618.0,1055.0,10000,0,5.484
glove25-25-angular,euclidean,mod-vamana,0.99,1.0,32,64,1399,0.7,160,10,0.70143,144078.0,189.0,263.0,1911.0,2936.0,10000,0,5.484
glove25-25-angular,euclidean,mod-vamana,1.0,1.0,32,64,1399,0.2,10,1,0.2771,1647450.0,10.0,10.0,203.0,265.0,10000,0,5.208
glove25-25-angular,euclidean,mod-vamana,1.0,1.0,32,64,1399,0.3,11,1,0.3194,1495220.0,11.0,11.0,221.0,288.0,10000,0,5.208
glove25-25-angular,euclidean,mod-vamana,1.0,1.0,32,64,1399,0.4,14,1,0.4221,1227600.0,14.0,14.0,271.0,356.0,10000,0,5.208
glove25-25-angular,euclidean,mod-vamana,1.0,1.0,32,64,1399,0.5,11,1,0.5627,957854.0,21.0,37.0,385.0,658.0,10000,0,5.208
glove25-25-angular,euclidean,mod-vamana,1.0,1.0,32,64,1399,0.6,17,1,0.6075,737300.0,28.0,48.0,490.0,839.0,10000,0,5.208
glove25-25-angular,euclidean,mod-vamana,1.0,1.0,32,64,1399,0.7,140,1,0.7014,153123.0,160.0,209.0,2122.0,3146.0,10000,0,5.208
glove25-25-angular,euclidean,mod-vamana,1.0,1.0,32,64,1399,0.2,10,10,0.25351,1509210.0,10.0,10.0,203.0,265.0,10000,0,5.696
glove25-25-angular,euclidean,mod-vamana,1.0,1.0,32,64,1399,0.3,12,10,0.33625,1323980.0,12.0,12.0,238.0,310.0,10000,0,5.696
glove25-25-angular,euclidean,mod-vamana,1.0,1.0,32,64,1399,0.4,14,10,0.4016,1172060.0,14.0,14.0,271.0,356.0,10000,0,5.696
glove25-25-angular,euclidean,mod-vamana,1.0,1.0,32,64,1399,0.5,11,10,0.54945,933794.0,21.0,37.0,385.0,658.0,10000,0,5.696
glove25-25-angular,euclidean,mod-vamana,1.0,1.0,32,64,1399,0.6,17,10,0.60469,713267.0,28.0,48.0,490.0,839.0,10000,0,5.696
glove25-25-angular,euclidean,mod-vamana,1.0,1.0,32,64,1399,0.7,65,10,0.70226,295508.0,79.0,117.0,1174.0,1823.0,10000,0,5.696
