edges,n_sources,n_active,frac_active,"mean cov frac (all, clamped)",mean cov frac (active only)
1,10000,10000,1.0,0.4502740491565,0.4502740491565
2,10000,10000,1.0,0.6766401229204,0.6766401229204
3,10000,10000,1.0,0.7983179477754,0.7983179477754
4,10000,10000,1.0,0.8684541579589999,0.8684541579589999
5,10000,10000,1.0,0.9117630984249999,0.9117630984249999
6,10000,10000,1.0,0.9392423402862,0.9392423402862
7,10000,10000,1.0,0.9570057192584,0.9570057192584
8,10000,10000,1.0,0.9690964987242,0.9690964987242
9,10000,10000,1.0,0.9775912187169,0.9775912187169
10,10000,10000,1.0,0.9836347140492001,0.9836347140492001
11,10000,10000,1.0,0.9876936342808,0.9876936342808
12,10000,9999,0.9999,0.9907274872627,0.9907265599186919
13,10000,9999,0.9999,0.992893203779,0.9928924930283027
14,10000,9998,0.9998,0.9944533507157001,0.9944522411639328
15,10000,9997,0.9997,0.9956601747435,0.9956588724052216
16,10000,9997,0.9997,0.9965674420273,0.9965664119508852
17,10000,9996,0.9996,0.9972650570757,0.9972639626607643
18,10000,9994,0.9994,0.9977759013896,0.9977745661292776
19,10000,9993,0.9993,0.9981955886844,0.9981943247116982
20,10000,9993,0.9993,0.9985090645969,0.9985080202110478
21,10000,9992,0.9992,0.9987570575966,0.9987560624465572
22,10000,9991,0.9991,0.9989575113494,0.998956572264438
23,10000,9989,0.9989,0.9991154421134,0.999114468028231
24,10000,9986,0.9986,0.9992405108394999,0.9992394460639896
25,10000,9980,0.998,0.9993327883959,0.999331451298497
26,10000,9978,0.9978,0.9994113303332,0.9994100324044899
27,10000,9969,0.9969,0.9994773661617,0.999475740958672
28,10000,9963,0.9963,0.9995247181935001,0.9995229531200441
29,10000,9950,0.995,0.9995669711891,0.9995647951649246
30,10000,9940,0.994,0.9996047683711999,0.9996023826672031
31,10000,9927,0.9927,0.9996328854204001,0.999630185776569
32,10000,9911,0.9911,0.9996583377855001,0.9996552696857028
33,10000,9903,0.9903,0.9996799133515001,0.9996767780990609
34,10000,9889,0.9889,0.9996966952832,0.9996932908112043
35,10000,9867,0.9867,0.999710972672,0.9997070767933516
36,10000,9847,0.9847,0.9997227503792,0.9997184425502184
37,10000,9812,0.9812,0.9997324737996,0.9997273479408888
38,10000,9786,0.9786,0.9997413427685,0.9997356864587165
39,10000,9753,0.9753,0.9997487298852,0.9997423663336409
40,10000,9721,0.9721,0.9997545893228,0.9997475458520728
41,10000,9675,0.9675,0.9997596397271,0.9997515656094056
42,10000,9630,0.963,0.9997644459838001,0.9997553956218068
43,10000,9585,0.9585,0.999768292952,0.9997582607741263
44,10000,9541,0.9541,0.9997717619794,0.9997607818670999
45,10000,9500,0.95,0.9997748556453,0.9997630059424211
46,10000,9440,0.944,0.9997774886346,0.9997642888078391
47,10000,9378,0.9378,0.9997796504636001,0.999765035683088
48,10000,9310,0.931,0.9997816877859,0.9997655078258861
49,10000,9251,0.9251,0.9997835082355,0.9997659801486325
50,10000,9176,0.9176,0.9997852797287,0.9997659979606582
51,10000,9104,0.9104,0.9997866676110999,0.9997656718048111
52,10000,9046,0.9046,0.9997879700041999,0.9997656091136414
53,10000,8995,0.8995,0.9997894267394001,0.9997658996546971
54,10000,8924,0.8924,0.9997902283516,0.9997649354007171
55,10000,8863,0.8863,0.9997911344575,0.9997643399046598
56,10000,8787,0.8787,0.9997920384087,0.9997633303843177
57,10000,8715,0.8715,0.9997927416101,0.9997621819966724
58,10000,8620,0.862,0.999793359994,0.9997602784153132
59,10000,8531,0.8531,0.9997939551085,0.9997584751008088
60,10000,8444,0.8444,0.9997943904124,0.9997565021463761
61,10000,8359,0.8359,0.9997948337625999,0.999754556481158
62,10000,8276,0.8276,0.9997952176809,0.9997525588217737
63,10000,8175,0.8175,0.9997955554215,0.999749914888685
64,10000,8070,0.807,0.9997959200891,0.9997471128737299
65,10000,7984,0.7984,0.999796231026,0.9997447783391783
66,10000,7870,0.787,0.9997965881763,0.9997415351668362
67,10000,7798,0.7798,0.9997969136334,0.9997395660854066
68,10000,7698,0.7698,0.9997971226921001,0.9997364545233827
69,10000,7596,0.7596,0.9997974305439,0.9997333208845445
70,10000,7493,0.7493,0.9997975900261,0.9997298679115174
71,10000,7399,0.7399,0.9997977740006,0.9997266846879308
72,10000,7295,0.7295,0.9997979305037,0.9997230027466758
73,10000,7186,0.7186,0.9997980815092999,0.9997190112848594
74,10000,7086,0.7086,0.9997982396739,0.9997152690853796
75,10000,6985,0.6985,0.9997983516348999,0.9997113122904795
76,10000,6878,0.6878,0.9997984507009999,0.9997069652529804
77,10000,6767,0.6767,0.999798532583,0.9997022795670164
78,10000,6670,0.667,0.9997986087069,0.9996980640283358
79,10000,6570,0.657,0.9997987026374,0.9996936113202435
80,10000,6468,0.6468,0.9997987913436001,0.9996889167340755
81,10000,6373,0.6373,0.9997988634543999,0.999684392679115
82,10000,6263,0.6263,0.9997989609912,0.9996790052549896
83,10000,6152,0.6152,0.9997990213482,0.9996733116843304
84,10000,6052,0.6052,0.9997990681944999,0.999667991068242
85,10000,5960,0.596,0.9997991224976,0.9996629572107383
86,10000,5868,0.5868,0.9997991753227,0.9996577629902863
87,10000,5772,0.5772,0.999799228706,0.9996521633853084
88,10000,5664,0.5664,0.9997992599321001,0.9996455860383122
89,10000,5579,0.5579,0.9997993161509,0.9996402870602259
90,10000,5478,0.5478,0.9997993541510001,0.9996337242625046
91,10000,5365,0.5365,0.9997993860281,0.9996260690178937
92,10000,5263,0.5263,0.9997994241022,0.9996188943610108
93,10000,5177,0.5177,0.999799449527,0.9996126125690554
94,10000,5082,0.5082,0.9997994721803,0.9996054155456513
95,10000,4982,0.4982,0.9997994932126,0.9995975375604176
96,10000,4886,0.4886,0.9997995565777,0.9995897596760132
97,10000,4782,0.4782,0.9997995761137001,0.9995808785313677
98,10000,4694,0.4694,0.9997996020744,0.9995730764260758
99,10000,4606,0.4606,0.9997996201207,0.9995649590115067
100,10000,4507,0.4507,0.9997996430137001,0.9995554537690259
101,10000,4423,0.4423,0.9997996622230001,0.9995470545399051
102,10000,4348,0.4348,0.9997996927331999,0.9995393117138914
103,10000,4261,0.4261,0.9997997039958,0.9995299319310021
104,10000,4179,0.4179,0.9997997204676,0.9995207477090213
105,10000,4104,0.4104,0.9997997337466,0.9995120217997077
106,10000,4023,0.4023,0.9999214251216,0.9998046858603032
107,10000,3940,0.394,0.9999424692057001,0.9998539827555838
108,10000,3852,0.3852,0.9999644924487,0.9999078204794911
109,10000,3784,0.3784,0.9999832989056,0.9999558639154335
110,10000,3711,0.3711,0.999990702897,0.9999749471759634
111,10000,3625,0.3625,0.9999921699418,0.9999783998394484
112,10000,3554,0.3554,0.9999943202852,0.9999840188103545
113,10000,3462,0.3462,0.9999960572394,0.9999886113212015
114,10000,3390,0.339,0.9999970448848,0.9999912828460177
115,10000,3322,0.3322,0.9999981363261,0.9999943899039735
116,10000,3250,0.325,0.9999990562312,0.999997096096
117,10000,3186,0.3186,0.9999993530655,0.9999979694460138
118,10000,3133,0.3133,0.9999993689852,0.9999979859087137
119,10000,3069,0.3069,0.9999994616911,0.9999982459794722
120,10000,3000,0.3,0.9999995592018,0.9999985306726666
121,10000,2932,0.2932,0.9999996101931999,0.9999986705088676
122,10000,2865,0.2865,0.9999997121215,0.9999989951884817
123,10000,2810,0.281,0.9999997629874999,0.999999156539146
124,10000,2746,0.2746,0.9999997769271,0.9999991876442097
125,10000,2705,0.2705,0.9999997875297001,0.9999992145275416
126,10000,2649,0.2649,0.9999998239266,0.9999993353212533
127,10000,2597,0.2597,0.9999998295397,0.9999993436261071
128,10000,2539,0.2539,0.9999998419362001,0.9999993774564789
129,10000,2488,0.2488,0.9999998477130001,0.9999993879139871
130,10000,2437,0.2437,0.9999998538443,0.999999400263849
131,10000,2388,0.2388,0.999999863018,0.9999994263735343
132,10000,2339,0.2339,0.9999998672114,0.9999994322847371
133,10000,2283,0.2283,0.9999998703812,0.9999994322435393
134,10000,2224,0.2224,0.9999998738389,0.9999994327288669
135,10000,2174,0.2174,0.9999998918507,0.9999995025331188
136,10000,2124,0.2124,0.9999999006608999,0.9999995323017891
137,10000,2078,0.2078,0.9999999211821999,0.9999996207035611
138,10000,2029,0.2029,0.9999999233212,0.9999996220857565
139,10000,1984,0.1984,0.9999999257784999,0.9999996258996976
140,10000,1948,0.1948,0.9999999359345,0.9999996711216632
141,10000,1903,0.1903,0.9999999382076,0.9999996752895428
142,10000,1857,0.1857,0.999999940683,0.9999996805761983
143,10000,1821,0.1821,0.999999948182,0.9999997154420648
144,10000,1791,0.1791,0.9999999500479,0.9999997210938023
145,10000,1749,0.1749,0.9999999517182,0.9999997239462549
146,10000,1700,0.17,0.9999999530314,0.9999997237141176
147,10000,1655,0.1655,0.9999999559944001,0.9999997341051359
148,10000,1615,0.1615,0.9999999577095,0.999999738139319
149,10000,1570,0.157,0.9999999591312,0.999999739689172
150,10000,1540,0.154,0.9999999609812,0.9999997466311689
151,10000,1497,0.1497,0.9999999625525,0.9999997498496994
152,10000,1466,0.1466,0.9999999641968,0.9999997557762619
153,10000,1443,0.1443,0.9999999654608,0.9999997606431047
154,10000,1402,0.1402,0.9999999668791,0.9999997637596292
155,10000,1362,0.1362,0.9999999679787,0.9999997648950074
156,10000,1319,0.1319,0.9999999695109,0.9999997688468537
157,10000,1294,0.1294,0.9999999707700999,0.9999997741120557
158,10000,1277,0.1277,0.9999999718019,0.9999997791848081
159,10000,1247,0.1247,0.9999999730467,0.9999997838548516
160,10000,1221,0.1221,0.999999973954,0.9999997866830467
161,10000,1196,0.1196,0.9999999748048001,0.9999997893377927
162,10000,1160,0.116,0.9999999757414,0.9999997908741379
163,10000,1135,0.1135,0.9999999764636001,0.9999997926308369
164,10000,1109,0.1109,0.9999999771495001,0.9999997939540126
165,10000,1085,0.1085,0.9999999779654,0.999999796916129
166,10000,1053,0.1053,0.9999999785209001,0.999999796019943
167,10000,1031,0.1031,0.9999999793922,0.9999998001183317
168,10000,1008,0.1008,0.9999999803242,0.9999998048035714
169,10000,984,0.0984,0.9999999809227,0.999999806125
170,10000,962,0.0962,0.9999999814965,0.9999998076559251
171,10000,941,0.0941,0.9999999821045,0.9999998098246545
172,10000,922,0.0922,0.9999999827358,0.9999998127527115
173,10000,903,0.0903,0.9999999832512,0.9999998145204874
174,10000,885,0.0885,0.99999998367,0.9999998154802261
175,10000,866,0.0866,0.9999999841592999,0.9999998170819862
176,10000,844,0.0844,0.9999999847677999,0.9999998195236967
177,10000,824,0.0824,0.9999999851361999,0.9999998196140777
178,10000,809,0.0809,0.9999999854924999,0.9999998206736712
179,10000,794,0.0794,0.9999999859822001,0.9999998234534004
180,10000,780,0.078,0.9999999863251999,0.9999998246820513
181,10000,758,0.0758,0.9999999866434,0.9999998237915567
182,10000,731,0.0731,0.9999999869318,0.9999998212284541
183,10000,710,0.071,0.9999999873059,0.9999998212098591
184,10000,694,0.0694,0.9999999876743,0.9999998223962536
185,10000,677,0.0677,0.9999999880095001,0.99999982288774
186,10000,663,0.0663,0.999999988341,0.999999824147813
187,10000,650,0.065,0.9999999885728,0.999999824196923
188,10000,640,0.064,0.9999999888810001,0.999999826265625
189,10000,626,0.0626,0.9999999891724,0.9999998270351438
190,10000,614,0.0614,0.999999989415,0.9999998276058633
191,10000,604,0.0604,0.9999999896238,0.9999998282086092
192,10000,587,0.0587,0.9999999898474999,0.999999827044293
193,10000,574,0.0574,0.9999999900942,0.9999998274250871
194,10000,558,0.0558,0.999999990289,0.999999825967742
195,10000,543,0.0543,0.9999999904944,0.9999998249429097
196,10000,525,0.0525,0.9999999907446999,0.9999998237085714
197,10000,516,0.0516,0.99999999101,0.9999998257751939
198,10000,503,0.0503,0.9999999915007,0.999999831027833
199,10000,493,0.0493,0.99999999185,0.9999998346855984
200,10000,484,0.0484,0.9999999920578001,0.9999998359049588
201,10000,477,0.0477,0.9999999922185,0.999999836865828
202,10000,463,0.0463,0.9999999924042,0.9999998359438445
203,10000,452,0.0452,0.9999999926908,0.9999998382920353
204,10000,446,0.0446,0.9999999928713,0.999999840163677
205,10000,438,0.0438,0.9999999930654,0.9999998416757991
206,10000,421,0.0421,0.9999999931967,0.9999998384014251
207,10000,406,0.0406,0.9999999933454999,0.9999998360960591
208,10000,396,0.0396,0.9999999934885,0.9999998355681818
209,10000,384,0.0384,0.9999999936157,0.9999998337421875
210,10000,375,0.0375,0.9999999937259001,0.9999998326906667
211,10000,371,0.0371,0.9999999938372001,0.9999998338867924
212,10000,360,0.036,0.9999999942098,0.9999998391611111
213,10000,355,0.0355,0.9999999943179999,0.9999998399436619
214,10000,351,0.0351,0.9999999944528001,0.999999841960114
215,10000,342,0.0342,0.9999999945653,0.9999998410906433
216,10000,334,0.0334,0.9999999947153,0.9999998417754492
217,10000,326,0.0326,0.9999999948152,0.9999998409570552
218,10000,317,0.0317,0.9999999949114,0.9999998394763406
219,10000,309,0.0309,0.9999999950314999,0.9999998392071197
220,10000,304,0.0304,0.9999999951186,0.9999998394276316
221,10000,299,0.0299,0.9999999952052,0.999999839638796
222,10000,290,0.029,0.9999999952944,0.999999837737931
223,10000,286,0.0286,0.9999999953623,0.9999998378426573
224,10000,279,0.0279,0.9999999954673,0.9999998375376343
225,10000,274,0.0274,0.9999999955571001,0.999999837850365
226,10000,267,0.0267,0.9999999956543,0.9999998372397003
227,10000,261,0.0261,0.9999999957459,0.9999998370076629
228,10000,258,0.0258,0.9999999958086999,0.9999998375465117
229,10000,248,0.0248,0.9999999958801,0.999999833875
230,10000,245,0.0245,0.9999999959563001,0.9999998349510204
231,10000,242,0.0242,0.9999999960472999,0.9999998366652892
232,10000,234,0.0234,0.9999999961166001,0.9999998340427351
233,10000,231,0.0231,0.9999999962205,0.9999998363852814
234,10000,230,0.023,0.9999999962924,0.9999998388
235,10000,227,0.0227,0.9999999963436,0.9999998389251101
236,10000,220,0.022,0.9999999963921,0.9999998360045455
237,10000,212,0.0212,0.9999999964624999,0.9999998331367924
238,10000,204,0.0204,0.9999999965713,0.9999998319264707
239,10000,199,0.0199,0.9999999966359,0.9999998309497488
240,10000,194,0.0194,0.9999999966861,0.9999998291804124
241,10000,192,0.0192,0.9999999967309,0.999999829734375
242,10000,187,0.0187,0.9999999967890001,0.9999998282887701
243,10000,184,0.0184,0.9999999968426,0.9999998284021738
244,10000,182,0.0182,0.9999999968983999,0.9999998295824176
245,10000,180,0.018,0.9999999969454,0.9999998303
246,10000,179,0.0179,0.9999999969904,0.9999998318659218
247,10000,176,0.0176,0.9999999970346001,0.9999998315113636
248,10000,173,0.0173,0.9999999970822999,0.9999998313468208
249,10000,170,0.017,0.9999999971397999,0.9999998317529412
250,10000,167,0.0167,0.9999999971768,0.9999998309461078
251,10000,163,0.0163,0.9999999972149001,0.9999998291349693
252,10000,163,0.0163,0.9999999972622,0.9999998320368098
253,10000,160,0.016,0.9999999973142001,0.9999998321375001
254,10000,157,0.0157,0.999999997353,0.9999998314012738
255,10000,156,0.0156,0.9999999974225,0.9999998347756411
256,10000,152,0.0152,0.9999999974908,0.9999998349210526
257,10000,150,0.015,0.9999999975234,0.9999998348933333
258,10000,144,0.0144,0.9999999975526,0.9999998300416666
259,10000,140,0.014,0.9999999975807,0.9999998271928572
260,10000,137,0.0137,0.9999999976086,0.9999998254452556
261,10000,135,0.0135,0.9999999976476001,0.9999998257481482
262,10000,133,0.0133,0.9999999976764999,0.9999998253007519
263,10000,132,0.0132,0.9999999977018,0.9999998258939394
264,10000,129,0.0129,0.9999999977471,0.9999998253565892
265,10000,127,0.0127,0.9999999977739,0.9999998247165355
266,10000,126,0.0126,0.9999999978054,0.9999998258253968
267,10000,124,0.0124,0.9999999978369,0.9999998255564515
268,10000,120,0.012,0.9999999978634,0.99999982195
269,10000,118,0.0118,0.9999999978890001,0.9999998211016949
270,10000,118,0.0118,0.9999999979329,0.9999998248220339
271,10000,114,0.0114,0.9999999979564,0.9999998207368421
272,10000,110,0.011,0.9999999980155999,0.9999998196000001
273,10000,107,0.0107,0.9999999980398,0.9999998168037384
274,10000,100,0.01,0.9999999980621,0.9999998062100001
275,10000,100,0.01,0.9999999980878,0.9999998087799999
276,10000,97,0.0097,0.9999999981117,0.999999805329897
277,10000,96,0.0096,0.9999999981341,0.9999998056354166
278,10000,94,0.0094,0.9999999981565,0.9999998038829787
279,10000,90,0.009,0.9999999981784,0.9999997976
280,10000,86,0.0086,0.9999999982012,0.9999997908372094
281,10000,85,0.0085,0.9999999982194999,0.9999997905294118
282,10000,82,0.0082,0.999999998237,0.999999785
283,10000,81,0.0081,0.9999999982614,0.9999997853580247
284,10000,80,0.008,0.9999999982978,0.999999787225
285,10000,76,0.0076,0.9999999983218,0.9999997791842106
286,10000,75,0.0075,0.9999999983417,0.9999997788933334
287,10000,74,0.0074,0.9999999983595,0.9999997783108108
288,10000,72,0.0072,0.9999999983828,0.9999997753888888
289,10000,72,0.0072,0.9999999983982001,0.9999997775277778
290,10000,69,0.0069,0.9999999984114,0.999999769768116
291,10000,69,0.0069,0.9999999984279,0.9999997721594203
292,10000,69,0.0069,0.9999999984497,0.9999997753188407
293,10000,69,0.0069,0.9999999984622,0.9999997771304348
294,10000,68,0.0068,0.999999998478,0.9999997761764706
295,10000,66,0.0066,0.9999999984921,0.999999771530303
296,10000,66,0.0066,0.9999999985089999,0.9999997740909091
297,10000,63,0.0063,0.9999999985239,0.9999997656984126
298,10000,63,0.0063,0.9999999985362,0.9999997676507937
299,10000,61,0.0061,0.99999999855,0.9999997622950819
300,10000,60,0.006,0.9999999985626,0.9999997604333333
301,10000,59,0.0059,0.9999999985765999,0.9999997587457627
302,10000,58,0.0058,0.9999999986061999,0.9999997596896552
303,10000,57,0.0057,0.9999999986222,0.9999997582807018
304,10000,57,0.0057,0.9999999986327,0.999999760122807
305,10000,57,0.0057,0.9999999986429,0.9999997619122807
306,10000,55,0.0055,0.9999999986534,0.9999997551636364
307,10000,55,0.0055,0.9999999986672999,0.9999997576909091
308,10000,53,0.0053,0.9999999986824,0.9999997513962264
309,10000,52,0.0052,0.9999999986914001,0.9999997483461539
310,10000,52,0.0052,0.9999999987009,0.9999997501730769
311,10000,50,0.005,0.9999999987414,0.9999997482799999
312,10000,49,0.0049,0.9999999987942,0.9999997539183674
313,10000,49,0.0049,0.9999999988348,0.9999997622040816
314,10000,47,0.0047,0.9999999988481,0.9999997549148937
315,10000,45,0.0045,0.9999999988639999,0.9999997475555555
316,10000,44,0.0044,0.9999999988751,0.9999997443409091
317,10000,44,0.0044,0.9999999989513,0.9999997616590909
318,10000,41,0.0041,0.9999999989614,0.9999997466829268
319,10000,41,0.0041,0.9999999989703,0.9999997488536586
320,10000,41,0.0041,0.9999999989777,0.9999997506585365
321,10000,41,0.0041,0.9999999989892,0.9999997534634146
322,10000,40,0.004,0.9999999990017,0.999999750425
323,10000,40,0.004,0.9999999990175,0.999999754375
324,10000,40,0.004,0.9999999990256,0.9999997563999999
325,10000,38,0.0038,0.9999999990366,0.9999997464736842
326,10000,37,0.0037,0.9999999990484999,0.9999997428378378
327,10000,35,0.0035,0.999999999056,0.9999997302857143
328,10000,35,0.0035,0.9999999990633001,0.9999997323714286
329,10000,34,0.0034,0.9999999991326,0.999999744882353
330,10000,34,0.0034,0.9999999991404,0.9999997471764707
331,10000,34,0.0034,0.9999999991609,0.9999997532058823
332,10000,34,0.0034,0.9999999991794,0.9999997586470588
333,10000,34,0.0034,0.9999999991877,0.9999997610882353
334,10000,33,0.0033,0.9999999991962,0.9999997564242423
335,10000,33,0.0033,0.9999999992041,0.9999997588181819
336,10000,32,0.0032,0.9999999992116999,0.99999975365625
337,10000,31,0.0031,0.9999999992352,0.9999997532903225
338,10000,31,0.0031,0.9999999992551,0.9999997597096775
339,10000,31,0.0031,0.9999999992613999,0.9999997617419355
340,10000,31,0.0031,0.9999999992677,0.9999997637741935
341,10000,31,0.0031,0.9999999992742999,0.9999997659032258
342,10000,31,0.0031,0.9999999992806999,0.9999997679677419
343,10000,28,0.0028,0.999999999293,0.9999997475
344,10000,28,0.0028,0.9999999993013999,0.9999997505
345,10000,28,0.0028,0.9999999993059,0.9999997521071428
346,10000,27,0.0027,0.9999999993166,0.9999997468888888
347,10000,27,0.0027,0.9999999993219,0.9999997488518518
348,10000,27,0.0027,0.9999999993266,0.9999997505925926
349,10000,27,0.0027,0.9999999993316999,0.9999997524814814
350,10000,27,0.0027,0.9999999993377,0.9999997547037037
351,10000,27,0.0027,0.9999999993523999,0.9999997601481482
352,10000,27,0.0027,0.9999999993581,0.9999997622592592
353,10000,27,0.0027,0.9999999993644,0.9999997645925925
354,10000,27,0.0027,0.9999999993713,0.9999997671481482
355,10000,27,0.0027,0.9999999993767,0.9999997691481481
356,10000,27,0.0027,0.9999999993809,0.9999997707037037
357,10000,24,0.0024,0.9999999993869,0.9999997445416666
358,10000,24,0.0024,0.9999999993927999,0.999999747
359,10000,24,0.0024,0.9999999994312,0.999999763
360,10000,24,0.0024,0.9999999994381,0.999999765875
361,10000,23,0.0023,0.9999999994426,0.9999997576521739
362,10000,23,0.0023,0.9999999994487999,0.9999997603478261
363,10000,22,0.0022,0.9999999994532,0.9999997514545454
364,10000,22,0.0022,0.9999999994575,0.9999997534090909
365,10000,22,0.0022,0.9999999994606,0.9999997548181818
366,10000,22,0.0022,0.9999999994643001,0.9999997565
367,10000,22,0.0022,0.999999999469,0.9999997586363636
368,10000,22,0.0022,0.9999999994745999,0.9999997611818181
369,10000,22,0.0022,0.9999999994782,0.9999997628181819
370,10000,22,0.0022,0.9999999994818,0.9999997644545455
371,10000,22,0.0022,0.9999999994877,0.9999997671363636
372,10000,22,0.0022,0.9999999994951,0.9999997705
373,10000,22,0.0022,0.9999999995006,0.999999773
374,10000,22,0.0022,0.9999999995045,0.9999997747727273
375,10000,20,0.002,0.9999999995091,0.9999997545499999
376,10000,20,0.002,0.9999999995133999,0.9999997567000001
377,10000,19,0.0019,0.9999999995211999,0.999999748
378,10000,19,0.0019,0.9999999995248999,0.9999997499473684
379,10000,19,0.0019,0.9999999995354001,0.9999997554736841
380,10000,19,0.0019,0.999999999538,0.9999997568421053
381,10000,19,0.0019,0.999999999549,0.999999762631579
382,10000,19,0.0019,0.9999999995531,0.9999997647894736
383,10000,18,0.0018,0.9999999995574,0.9999997541111112
384,10000,18,0.0018,0.9999999995755,0.9999997641666666
385,10000,18,0.0018,0.9999999995809999,0.9999997672222222
386,10000,18,0.0018,0.9999999995844001,0.9999997691111112
387,10000,18,0.0018,0.9999999995908,0.9999997726666666
388,10000,18,0.0018,0.9999999995944,0.9999997746666667
389,10000,18,0.0018,0.9999999995971001,0.9999997761666666
390,10000,18,0.0018,0.9999999996001,0.9999997778333334
391,10000,18,0.0018,0.9999999996029,0.9999997793888888
392,10000,17,0.0017,0.9999999996052,0.9999997677647059
393,10000,17,0.0017,0.9999999996075,0.9999997691176471
394,10000,17,0.0017,0.9999999996112,0.9999997712941177
395,10000,17,0.0017,0.9999999996144,0.9999997731764706
396,10000,16,0.0016,0.9999999996184,0.9999997615
397,10000,16,0.0016,0.9999999996212999,0.9999997633125
398,10000,16,0.0016,0.9999999996237,0.9999997648125
399,10000,16,0.0016,0.9999999996262,0.999999766375
400,10000,16,0.0016,0.9999999996287,0.9999997679375
401,10000,16,0.0016,0.9999999996404001,0.99999977525
402,10000,15,0.0015,0.9999999996429,0.9999997619333333
403,10000,14,0.0014,0.9999999996452,0.9999997465714285
404,10000,13,0.0013,0.9999999997868,0.999999836
405,10000,13,0.0013,0.9999999997884,0.9999998372307692
406,10000,12,0.0012,0.9999999997909,0.99999982575
407,10000,12,0.0012,0.9999999997927,0.99999982725
408,10000,12,0.0012,0.9999999997958,0.9999998298333334
409,10000,12,0.0012,0.9999999997978,0.9999998315
410,10000,12,0.0012,0.9999999998005,0.99999983375
411,10000,12,0.0012,0.999999999803,0.9999998358333334
412,10000,12,0.0012,0.999999999805,0.9999998375
413,10000,12,0.0012,0.9999999998065,0.99999983875
414,10000,12,0.0012,0.9999999998086,0.9999998405
415,10000,12,0.0012,0.9999999998103,0.9999998419166666
416,10000,12,0.0012,0.999999999812,0.9999998433333334
417,10000,12,0.0012,0.9999999998155,0.99999984625
418,10000,12,0.0012,0.9999999998178001,0.9999998481666666
419,10000,12,0.0012,0.9999999998194999,0.9999998495833333
420,10000,12,0.0012,0.9999999998214001,0.9999998511666667
421,10000,12,0.0012,0.9999999998234,0.9999998528333334
422,10000,12,0.0012,0.9999999998261,0.9999998550833333
423,10000,12,0.0012,0.9999999998276,0.9999998563333333
424,10000,11,0.0011,0.9999999998293999,0.9999998449090909
425,10000,11,0.0011,0.9999999998308999,0.9999998462727272
426,10000,11,0.0011,0.9999999998325,0.9999998477272728
427,10000,11,0.0011,0.999999999834,0.9999998490909091
428,10000,9,0.0009,0.9999999998354,0.9999998171111112
429,10000,9,0.0009,0.9999999998368,0.9999998186666667
430,10000,9,0.0009,0.9999999998423,0.9999998247777778
431,10000,9,0.0009,0.9999999998438,0.9999998264444444
432,10000,9,0.0009,0.9999999998449001,0.9999998276666666
433,10000,9,0.0009,0.9999999998469,0.9999998298888888
434,10000,8,0.0008,0.9999999998481,0.999999810125
435,10000,7,0.0007,0.9999999998504,0.9999997862857143
436,10000,7,0.0007,0.9999999998514,0.9999997877142858
437,10000,7,0.0007,0.9999999998524,0.9999997891428571
438,10000,7,0.0007,0.9999999998536,0.9999997908571429
439,10000,7,0.0007,0.9999999998545,0.9999997921428572
440,10000,7,0.0007,0.9999999998557,0.9999997938571428
441,10000,7,0.0007,0.9999999998566,0.9999997951428572
442,10000,7,0.0007,0.9999999998575,0.9999997964285715
443,10000,7,0.0007,0.9999999998585,0.9999997978571428
444,10000,7,0.0007,0.9999999998601,0.9999998001428572
445,10000,7,0.0007,0.999999999863,0.9999998042857142
446,10000,7,0.0007,0.9999999998642,0.999999806
447,10000,7,0.0007,0.9999999998651,0.9999998072857142
448,10000,7,0.0007,0.9999999998660001,0.9999998085714286
449,10000,6,0.0006,0.9999999998672,0.9999997786666667
450,10000,6,0.0006,0.9999999998683999,0.9999997806666666
451,10000,6,0.0006,0.9999999998692,0.999999782
452,10000,5,0.0005,0.9999999998709,0.9999997418
453,10000,5,0.0005,0.9999999998718999,0.9999997438
454,10000,5,0.0005,0.9999999998728,0.9999997456
455,10000,5,0.0005,0.9999999998744,0.9999997488
456,10000,5,0.0005,0.999999999875,0.99999975
457,10000,5,0.0005,0.9999999998760001,0.999999752
458,10000,5,0.0005,0.9999999998782001,0.9999997563999999
459,10000,5,0.0005,0.9999999998787,0.9999997574
460,10000,5,0.0005,0.9999999998796001,0.9999997592000001
461,10000,5,0.0005,0.9999999998801,0.9999997602
462,10000,5,0.0005,0.9999999998811001,0.9999997622000001
463,10000,5,0.0005,0.9999999998818001,0.9999997636
464,10000,5,0.0005,0.9999999998826999,0.9999997654
465,10000,5,0.0005,0.9999999998839999,0.999999768
466,10000,5,0.0005,0.9999999998846001,0.9999997692
467,10000,5,0.0005,0.9999999998854999,0.999999771
468,10000,5,0.0005,0.9999999998861999,0.9999997723999999
469,10000,5,0.0005,0.999999999887,0.999999774
470,10000,5,0.0005,0.9999999998881001,0.9999997762
471,10000,5,0.0005,0.9999999998893,0.9999997786
472,10000,5,0.0005,0.9999999998899,0.9999997798
473,10000,5,0.0005,0.9999999998906,0.9999997812
474,10000,5,0.0005,0.999999999892,0.999999784
475,10000,5,0.0005,0.9999999998926,0.9999997852000001
476,10000,5,0.0005,0.9999999998933,0.9999997866
477,10000,4,0.0004,0.9999999998938001,0.9999997345
478,10000,4,0.0004,0.9999999998943,0.99999973575
479,10000,4,0.0004,0.9999999998952,0.999999738
480,10000,4,0.0004,0.9999999998969,0.99999974225
481,10000,4,0.0004,0.9999999998975,0.99999974375
482,10000,4,0.0004,0.9999999998983999,0.999999746
483,10000,4,0.0004,0.9999999998993,0.99999974825
484,10000,4,0.0004,0.9999999999002,0.9999997505
485,10000,4,0.0004,0.9999999999008,0.999999752
486,10000,4,0.0004,0.9999999999016,0.999999754
487,10000,4,0.0004,0.9999999999022,0.9999997555
488,10000,4,0.0004,0.9999999999234,0.9999998085
489,10000,4,0.0004,0.9999999999239,0.99999980975
490,10000,4,0.0004,0.9999999999407001,0.99999985175
491,10000,4,0.0004,0.9999999999429999,0.9999998575
492,10000,4,0.0004,0.9999999999434,0.9999998585
493,10000,3,0.0003,0.9999999999443001,0.9999998143333334
494,10000,3,0.0003,0.9999999999446,0.9999998153333334
495,10000,3,0.0003,0.9999999999457999,0.9999998193333334
496,10000,3,0.0003,0.9999999999461,0.9999998203333333
497,10000,3,0.0003,0.9999999999465999,0.999999822
498,10000,3,0.0003,0.9999999999469,0.999999823
499,10000,2,0.0002,0.9999999999476,0.999999738
500,10000,2,0.0002,0.9999999999479,0.9999997395
501,10000,2,0.0002,0.9999999999483,0.9999997415
502,10000,2,0.0002,0.9999999999486,0.999999743
503,10000,2,0.0002,0.9999999999503,0.9999997515
504,10000,2,0.0002,0.9999999999505,0.9999997525
505,10000,2,0.0002,0.9999999999517,0.9999997585
506,10000,2,0.0002,0.9999999999519,0.9999997595
507,10000,2,0.0002,0.9999999999521001,0.9999997605
508,10000,2,0.0002,0.9999999999526,0.999999763
509,10000,2,0.0002,0.9999999999529999,0.999999765
510,10000,2,0.0002,0.9999999999532,0.999999766
511,10000,2,0.0002,0.999999999954,0.99999977
512,10000,2,0.0002,0.9999999999543999,0.999999772
513,10000,2,0.0002,0.9999999999546,0.999999773
514,10000,2,0.0002,0.9999999999568,0.999999784
515,10000,2,0.0002,0.9999999999571,0.9999997855
516,10000,2,0.0002,0.9999999999584,0.999999792
517,10000,2,0.0002,0.9999999999588,0.999999794
518,10000,2,0.0002,0.9999999999592,0.999999796
519,10000,2,0.0002,0.9999999999607,0.9999998035
520,10000,2,0.0002,0.999999999961,0.999999805
521,10000,2,0.0002,0.9999999999612,0.999999806
522,10000,2,0.0002,0.9999999999622,0.999999811
523,10000,2,0.0002,0.9999999999628,0.999999814
524,10000,2,0.0002,0.999999999963,0.999999815
525,10000,2,0.0002,0.9999999999633,0.9999998165
526,10000,2,0.0002,0.9999999999637,0.9999998185
527,10000,2,0.0002,0.999999999964,0.99999982
528,10000,2,0.0002,0.9999999999644,0.999999822
529,10000,2,0.0002,0.9999999999646,0.999999823
530,10000,2,0.0002,0.9999999999658,0.999999829
531,10000,2,0.0002,0.999999999966,0.99999983
532,10000,2,0.0002,0.9999999999663,0.9999998315
533,10000,2,0.0002,0.9999999999665,0.9999998325
534,10000,2,0.0002,0.9999999999668,0.999999834
535,10000,2,0.0002,0.999999999967,0.999999835
536,10000,2,0.0002,0.9999999999672,0.999999836
537,10000,2,0.0002,0.9999999999674,0.999999837
538,10000,2,0.0002,0.999999999968,0.99999984
539,10000,2,0.0002,0.9999999999682,0.999999841
540,10000,2,0.0002,0.9999999999684,0.999999842
541,10000,2,0.0002,0.9999999999686,0.999999843
542,10000,2,0.0002,0.9999999999688,0.999999844
543,10000,2,0.0002,0.9999999999692,0.999999846
544,10000,2,0.0002,0.9999999999695,0.9999998475
545,10000,2,0.0002,0.9999999999698,0.999999849
546,10000,2,0.0002,0.9999999999701,0.9999998505
547,10000,2,0.0002,0.9999999999703,0.9999998515
548,10000,2,0.0002,0.9999999999706,0.999999853
549,10000,2,0.0002,0.9999999999708,0.999999854
550,10000,2,0.0002,0.999999999971,0.999999855
551,10000,2,0.0002,0.9999999999712,0.999999856
552,10000,2,0.0002,0.9999999999715,0.9999998575
553,10000,2,0.0002,0.9999999999717,0.9999998585
554,10000,2,0.0002,0.9999999999776,0.999999888
555,10000,2,0.0002,0.9999999999778,0.999999889
556,10000,2,0.0002,0.9999999999781,0.9999998905
557,10000,2,0.0002,0.9999999999783,0.9999998915
558,10000,2,0.0002,0.9999999999785,0.9999998925
559,10000,2,0.0002,0.9999999999795001,0.9999998975
560,10000,2,0.0002,0.9999999999797,0.9999998985
561,10000,2,0.0002,0.9999999999799,0.9999998995
562,10000,2,0.0002,0.9999999999802001,0.999999901
563,10000,2,0.0002,0.9999999999804,0.999999902
564,10000,2,0.0002,0.9999999999842,0.999999921
565,10000,2,0.0002,0.9999999999844,0.999999922
566,10000,2,0.0002,0.9999999999846,0.999999923
567,10000,2,0.0002,0.9999999999847999,0.999999924
568,10000,2,0.0002,0.9999999999859001,0.9999999295
569,10000,2,0.0002,0.9999999999861,0.9999999305
570,10000,2,0.0002,0.9999999999865,0.9999999325
571,10000,2,0.0002,0.9999999999868,0.999999934
572,10000,2,0.0002,0.999999999987,0.999999935
573,10000,2,0.0002,0.9999999999872,0.999999936
574,10000,2,0.0002,0.9999999999874001,0.999999937
575,10000,2,0.0002,0.9999999999878,0.999999939
576,10000,2,0.0002,0.9999999999881001,0.9999999405
577,10000,2,0.0002,0.9999999999887,0.9999999435
578,10000,2,0.0002,0.9999999999889999,0.999999945
579,10000,2,0.0002,0.9999999999892,0.999999946
580,10000,2,0.0002,0.9999999999896999,0.9999999485
581,10000,2,0.0002,0.9999999999899,0.9999999495
582,10000,2,0.0002,0.9999999999901,0.9999999505
583,10000,2,0.0002,0.9999999999903999,0.999999952
584,10000,2,0.0002,0.9999999999906,0.999999953
585,10000,2,0.0002,0.9999999999908,0.999999954
586,10000,2,0.0002,0.9999999999911999,0.999999956
587,10000,2,0.0002,0.9999999999914,0.999999957
588,10000,2,0.0002,0.9999999999916,0.999999958
589,10000,1,0.0001,0.999999999992,0.99999992
590,10000,1,0.0001,0.9999999999921,0.999999921
591,10000,1,0.0001,0.9999999999922,0.999999922
592,10000,1,0.0001,0.9999999999923,0.999999923
593,10000,1,0.0001,0.9999999999925,0.999999925
594,10000,1,0.0001,0.9999999999925999,0.999999926
595,10000,1,0.0001,0.9999999999927,0.999999927
596,10000,1,0.0001,0.9999999999928,0.999999928
597,10000,1,0.0001,0.9999999999929,0.999999929
598,10000,1,0.0001,0.999999999993,0.99999993
599,10000,1,0.0001,0.9999999999931001,0.999999931
600,10000,1,0.0001,0.9999999999932999,0.999999933
601,10000,1,0.0001,0.9999999999934,0.999999934
602,10000,1,0.0001,0.9999999999935,0.999999935
603,10000,1,0.0001,0.9999999999936,0.999999936
604,10000,1,0.0001,0.9999999999938001,0.999999938
605,10000,1,0.0001,0.9999999999939,0.999999939
606,10000,1,0.0001,0.9999999999939999,0.99999994
607,10000,1,0.0001,0.9999999999949,0.999999949
608,10000,1,0.0001,0.999999999995,0.99999995
609,10000,1,0.0001,0.9999999999951,0.999999951
610,10000,1,0.0001,0.9999999999952001,0.999999952
611,10000,1,0.0001,0.9999999999953001,0.999999953
612,10000,1,0.0001,0.9999999999953999,0.999999954
613,10000,1,0.0001,0.9999999999954999,0.999999955
614,10000,1,0.0001,0.9999999999956,0.999999956
615,10000,1,0.0001,0.9999999999958,0.999999958
616,10000,1,0.0001,0.9999999999960999,0.999999961
617,10000,1,0.0001,0.9999999999963,0.999999963
618,10000,1,0.0001,0.9999999999964,0.999999964
619,10000,1,0.0001,0.9999999999967001,0.999999967
620,10000,1,0.0001,0.9999999999967999,0.999999968
621,10000,1,0.0001,0.999999999997,0.99999997
622,10000,1,0.0001,0.9999999999971,0.999999971
623,10000,1,0.0001,0.9999999999972,0.999999972
624,10000,1,0.0001,0.9999999999973,0.999999973
625,10000,1,0.0001,0.9999999999974001,0.999999974
626,10000,1,0.0001,0.9999999999974999,0.999999975
627,10000,1,0.0001,0.9999999999975999,0.999999976
628,10000,1,0.0001,0.9999999999978,0.999999978
629,10000,1,0.0001,0.999999999998,0.99999998
630,10000,1,0.0001,0.9999999999981001,0.999999981
631,10000,1,0.0001,0.9999999999982999,0.999999983
632,10000,1,0.0001,0.9999999999984,0.999999984
633,10000,1,0.0001,0.9999999999985,0.999999985
634,10000,1,0.0001,0.9999999999986,0.999999986
635,10000,1,0.0001,0.9999999999987,0.999999987
636,10000,1,0.0001,0.9999999999988001,0.999999988
637,10000,1,0.0001,0.9999999999989001,0.999999989
638,10000,1,0.0001,0.9999999999989999,0.99999999
639,10000,1,0.0001,0.9999999999990999,0.999999991
640,10000,1,0.0001,0.9999999999992,0.999999992
641,10000,1,0.0001,0.9999999999993,0.999999993
642,10000,1,0.0001,0.9999999999994,0.999999994
643,10000,1,0.0001,0.9999999999995001,0.999999995
644,10000,1,0.0001,0.9999999999996999,0.999999997
645,10000,1,0.0001,0.9999999999997999,0.999999998
646,10000,1,0.0001,0.9999999999999,0.999999999
647,10000,0,0.0,1.0,nan
