dataset,metric,method,dimensions,sources,total points,edges,mean coverage,median coverage,min coverage,max coverage
bigann,euclidean,robust-prune,128,10000,1000000000,1,0.0,0.0,0.0,0.0
bigann,euclidean,robust-prune,128,10000,1000000000,2,45.0274,44.2062,0.0,99.1774
bigann,euclidean,robust-prune,128,10000,1000000000,3,67.664,70.148,0.0,99.9411
bigann,euclidean,robust-prune,128,10000,1000000000,4,79.8318,83.3451,0.0,99.9928
bigann,euclidean,robust-prune,128,10000,1000000000,5,86.8454,90.461,0.0,99.9988
bigann,euclidean,robust-prune,128,10000,1000000000,6,91.1763,94.3035,0.0,99.9989
bigann,euclidean,robust-prune,128,10000,1000000000,7,93.9242,96.5275,0.0,99.9997
bigann,euclidean,robust-prune,128,10000,1000000000,8,95.7006,97.8206,0.0,100.0
bigann,euclidean,robust-prune,128,10000,1000000000,9,96.9096,98.595,0.0,100.0
bigann,euclidean,robust-prune,128,10000,1000000000,10,97.7591,99.1004,0.0,100.0
bigann,euclidean,robust-prune,128,10000,1000000000,11,98.3635,99.4239,0.0,100.0
bigann,euclidean,robust-prune,128,10000,1000000000,12,98.7694,99.6169,0.0,100.0
bigann,euclidean,robust-prune,128,10000,1000000000,13,99.0727,99.7434,0.0,100.0
bigann,euclidean,robust-prune,128,10000,1000000000,14,99.2893,99.825,0.0,100.0
bigann,euclidean,robust-prune,128,10000,1000000000,15,99.4453,99.8809,0.0,100.0
bigann,euclidean,robust-prune,128,10000,1000000000,16,99.566,99.9174,0.0,100.0
bigann,euclidean,robust-prune,128,10000,1000000000,17,99.6567,99.9415,0.0,100.0
bigann,euclidean,robust-prune,128,10000,1000000000,18,99.7265,99.9592,0.0,100.0
bigann,euclidean,robust-prune,128,10000,1000000000,19,99.7776,99.971,0.0,100.0
bigann,euclidean,robust-prune,128,10000,1000000000,20,99.8196,99.9793,0.0,100.0
bigann,euclidean,robust-prune,128,10000,1000000000,21,99.8509,99.9849,0.0,100.0
bigann,euclidean,robust-prune,128,10000,1000000000,22,99.8757,99.9887,0.0,100.0
bigann,euclidean,robust-prune,128,10000,1000000000,23,99.8958,99.9916,0.0,100.0
bigann,euclidean,robust-prune,128,10000,1000000000,24,99.9115,99.9938,0.0,100.0
bigann,euclidean,robust-prune,128,10000,1000000000,25,99.9241,99.9954,0.0,100.0
bigann,euclidean,robust-prune,128,10000,1000000000,26,99.9333,99.9965,0.0,100.0
bigann,euclidean,robust-prune,128,10000,1000000000,27,99.9411,99.9973,0.0,100.0
bigann,euclidean,robust-prune,128,10000,1000000000,28,99.9477,99.9979,0.0,100.0
bigann,euclidean,robust-prune,128,10000,1000000000,29,99.9525,99.9984,0.0,100.0
bigann,euclidean,robust-prune,128,10000,1000000000,30,99.9567,99.9987,0.0,100.0
bigann,euclidean,robust-prune,128,10000,1000000000,31,99.9605,99.999,0.0,100.0
bigann,euclidean,robust-prune,128,10000,1000000000,32,99.9633,99.9992,0.0,100.0
bigann,euclidean,robust-prune,128,10000,1000000000,33,99.9658,99.9994,0.0,100.0
bigann,euclidean,robust-prune,128,10000,1000000000,34,99.968,99.9995,0.0,100.0
bigann,euclidean,robust-prune,128,10000,1000000000,35,99.9697,99.9996,0.0,100.0
bigann,euclidean,robust-prune,128,10000,1000000000,36,99.9711,99.9997,0.0,100.0
bigann,euclidean,robust-prune,128,10000,1000000000,37,99.9723,99.9997,0.0,100.0
bigann,euclidean,robust-prune,128,10000,1000000000,38,99.9732,99.9998,0.0,100.0
bigann,euclidean,robust-prune,128,10000,1000000000,39,99.9741,99.9998,0.0,100.0
bigann,euclidean,robust-prune,128,10000,1000000000,40,99.9749,99.9998,0.0,100.0
bigann,euclidean,robust-prune,128,10000,1000000000,41,99.9755,99.9999,0.0,100.0
bigann,euclidean,robust-prune,128,10000,1000000000,42,99.976,99.9999,0.0,100.0
bigann,euclidean,robust-prune,128,10000,1000000000,43,99.9764,99.9999,0.0,100.0
bigann,euclidean,robust-prune,128,10000,1000000000,44,99.9768,99.9999,0.0,100.0
bigann,euclidean,robust-prune,128,10000,1000000000,45,99.9772,99.9999,0.0,100.0
bigann,euclidean,robust-prune,128,10000,1000000000,46,99.9775,99.9999,0.0,100.0
bigann,euclidean,robust-prune,128,10000,1000000000,47,99.9777,99.9999,0.0,100.0
bigann,euclidean,robust-prune,128,10000,1000000000,48,99.978,99.9999,0.0,100.0
bigann,euclidean,robust-prune,128,10000,1000000000,49,99.9782,100.0,0.0,100.0
bigann,euclidean,robust-prune,128,10000,1000000000,50,99.9784,100.0,0.0,100.0
bigann,euclidean,robust-prune,128,10000,1000000000,51,99.9785,100.0,0.0,100.0
bigann,euclidean,robust-prune,128,10000,1000000000,52,99.9787,100.0,0.0,100.0
bigann,euclidean,robust-prune,128,10000,1000000000,53,99.9788,100.0,0.0,100.0
bigann,euclidean,robust-prune,128,10000,1000000000,54,99.9789,100.0,0.0,100.0
bigann,euclidean,robust-prune,128,10000,1000000000,55,99.979,100.0,0.0,100.0
bigann,euclidean,robust-prune,128,10000,1000000000,56,99.9791,100.0,0.0,100.0
bigann,euclidean,robust-prune,128,10000,1000000000,57,99.9792,100.0,0.0,100.0
bigann,euclidean,robust-prune,128,10000,1000000000,58,99.9793,100.0,0.0,100.0
bigann,euclidean,robust-prune,128,10000,1000000000,59,99.9793,100.0,0.0,100.0
bigann,euclidean,robust-prune,128,10000,1000000000,60,99.9794,100.0,0.0,100.0
bigann,euclidean,robust-prune,128,10000,1000000000,61,99.9794,100.0,0.0,100.0
bigann,euclidean,robust-prune,128,10000,1000000000,62,99.9795,100.0,0.0,100.0
bigann,euclidean,robust-prune,128,10000,1000000000,63,99.9795,100.0,0.0,100.0
bigann,euclidean,robust-prune,128,10000,1000000000,64,99.9796,100.0,0.0,100.0
bigann,euclidean,robust-prune,128,10000,1000000000,65,99.9796,100.0,0.0,100.0
bigann,euclidean,robust-prune,128,10000,1000000000,66,99.9796,100.0,0.0,100.0
bigann,euclidean,robust-prune,128,10000,1000000000,67,99.9797,100.0,0.0,100.0
bigann,euclidean,robust-prune,128,10000,1000000000,68,99.9797,100.0,0.0,100.0
bigann,euclidean,robust-prune,128,10000,1000000000,69,99.9797,100.0,0.0,100.0
bigann,euclidean,robust-prune,128,10000,1000000000,70,99.9797,100.0,0.0,100.0
bigann,euclidean,robust-prune,128,10000,1000000000,71,99.9798,100.0,0.0,100.0
bigann,euclidean,robust-prune,128,10000,1000000000,72,99.9798,100.0,0.0,100.0
bigann,euclidean,robust-prune,128,10000,1000000000,73,99.9798,100.0,0.0,100.0
bigann,euclidean,robust-prune,128,10000,1000000000,74,99.9798,100.0,0.0,100.0
bigann,euclidean,robust-prune,128,10000,1000000000,75,99.9798,100.0,0.0,100.0
bigann,euclidean,robust-prune,128,10000,1000000000,76,99.9798,100.0,0.0,100.0
bigann,euclidean,robust-prune,128,10000,1000000000,77,99.9798,100.0,0.0,100.0
bigann,euclidean,robust-prune,128,10000,1000000000,78,99.9799,100.0,0.0,100.0
bigann,euclidean,robust-prune,128,10000,1000000000,79,99.9799,100.0,0.0,100.0
bigann,euclidean,robust-prune,128,10000,1000000000,80,99.9799,100.0,0.0,100.0
bigann,euclidean,robust-prune,128,10000,1000000000,81,99.9799,100.0,0.0,100.0
bigann,euclidean,robust-prune,128,10000,1000000000,82,99.9799,100.0,0.0,100.0
bigann,euclidean,robust-prune,128,10000,1000000000,83,99.9799,100.0,0.0,100.0
bigann,euclidean,robust-prune,128,10000,1000000000,84,99.9799,100.0,0.0,100.0
bigann,euclidean,robust-prune,128,10000,1000000000,85,99.9799,100.0,0.0,100.0
bigann,euclidean,robust-prune,128,10000,1000000000,86,99.9799,100.0,0.0,100.0
bigann,euclidean,robust-prune,128,10000,1000000000,87,99.9799,100.0,0.0,100.0
bigann,euclidean,robust-prune,128,10000,1000000000,88,99.9799,100.0,0.0,100.0
bigann,euclidean,robust-prune,128,10000,1000000000,89,99.9799,100.0,0.0,100.0
bigann,euclidean,robust-prune,128,10000,1000000000,90,99.9799,100.0,0.0,100.0
bigann,euclidean,robust-prune,128,10000,1000000000,91,99.9799,100.0,0.0,100.0
bigann,euclidean,robust-prune,128,10000,1000000000,92,99.9799,100.0,0.0,100.0
bigann,euclidean,robust-prune,128,10000,1000000000,93,99.9799,100.0,0.0,100.0
bigann,euclidean,robust-prune,128,10000,1000000000,94,99.9799,100.0,0.0,100.0
bigann,euclidean,robust-prune,128,10000,1000000000,95,99.9799,100.0,0.0,100.0
bigann,euclidean,robust-prune,128,10000,1000000000,96,99.9799,100.0,0.0,100.0
bigann,euclidean,robust-prune,128,10000,1000000000,97,99.98,100.0,0.0,100.0
bigann,euclidean,robust-prune,128,10000,1000000000,98,99.98,100.0,0.0,100.0
bigann,euclidean,robust-prune,128,10000,1000000000,99,99.98,100.0,0.0,100.0
bigann,euclidean,robust-prune,128,10000,1000000000,100,99.98,100.0,0.0,100.0
bigann,euclidean,robust-prune,128,10000,1000000000,101,99.98,100.0,0.0,100.0
bigann,euclidean,robust-prune,128,10000,1000000000,102,99.98,100.0,0.0,100.0
bigann,euclidean,robust-prune,128,10000,1000000000,103,99.98,100.0,0.0,100.0
bigann,euclidean,robust-prune,128,10000,1000000000,104,99.98,100.0,0.0,100.0
bigann,euclidean,robust-prune,128,10000,1000000000,105,99.98,100.0,0.0,100.0
bigann,euclidean,robust-prune,128,10000,1000000000,106,99.98,100.0,0.0,100.0
bigann,euclidean,robust-prune,128,10000,1000000000,107,99.9921,100.0,45.6287,100.0
bigann,euclidean,robust-prune,128,10000,1000000000,108,99.9942,100.0,62.9415,100.0
bigann,euclidean,robust-prune,128,10000,1000000000,109,99.9964,100.0,79.7938,100.0
bigann,euclidean,robust-prune,128,10000,1000000000,110,99.9983,100.0,90.9059,100.0
bigann,euclidean,robust-prune,128,10000,1000000000,111,99.9991,100.0,94.3898,100.0
bigann,euclidean,robust-prune,128,10000,1000000000,112,99.9992,100.0,94.5784,100.0
bigann,euclidean,robust-prune,128,10000,1000000000,113,99.9994,100.0,96.5085,100.0
bigann,euclidean,robust-prune,128,10000,1000000000,114,99.9996,100.0,97.3674,100.0
bigann,euclidean,robust-prune,128,10000,1000000000,115,99.9997,100.0,98.0657,100.0
bigann,euclidean,robust-prune,128,10000,1000000000,116,99.9998,100.0,98.7039,100.0
bigann,euclidean,robust-prune,128,10000,1000000000,117,99.9999,100.0,99.2626,100.0
bigann,euclidean,robust-prune,128,10000,1000000000,118,99.9999,100.0,99.5525,100.0
bigann,euclidean,robust-prune,128,10000,1000000000,119,99.9999,100.0,99.562,100.0
bigann,euclidean,robust-prune,128,10000,1000000000,120,99.9999,100.0,99.6446,100.0
bigann,euclidean,robust-prune,128,10000,1000000000,121,100.0,100.0,99.7275,100.0
bigann,euclidean,robust-prune,128,10000,1000000000,122,100.0,100.0,99.7724,100.0
bigann,euclidean,robust-prune,128,10000,1000000000,123,100.0,100.0,99.8535,100.0
bigann,euclidean,robust-prune,128,10000,1000000000,124,100.0,100.0,99.8865,100.0
bigann,euclidean,robust-prune,128,10000,1000000000,125,100.0,100.0,99.8968,100.0
bigann,euclidean,robust-prune,128,10000,1000000000,126,100.0,100.0,99.9011,100.0
bigann,euclidean,robust-prune,128,10000,1000000000,127,100.0,100.0,99.9315,100.0
bigann,euclidean,robust-prune,128,10000,1000000000,128,100.0,100.0,99.9328,100.0
bigann,euclidean,robust-prune,128,10000,1000000000,129,100.0,100.0,99.9347,100.0
bigann,euclidean,robust-prune,128,10000,1000000000,130,100.0,100.0,99.9369,100.0
bigann,euclidean,robust-prune,128,10000,1000000000,131,100.0,100.0,99.9386,100.0
bigann,euclidean,robust-prune,128,10000,1000000000,132,100.0,100.0,99.9445,100.0
bigann,euclidean,robust-prune,128,10000,1000000000,133,100.0,100.0,99.9455,100.0
bigann,euclidean,robust-prune,128,10000,1000000000,134,100.0,100.0,99.9456,100.0
bigann,euclidean,robust-prune,128,10000,1000000000,135,100.0,100.0,99.9465,100.0
bigann,euclidean,robust-prune,128,10000,1000000000,136,100.0,100.0,99.9595,100.0
bigann,euclidean,robust-prune,128,10000,1000000000,137,100.0,100.0,99.9663,100.0
bigann,euclidean,robust-prune,128,10000,1000000000,138,100.0,100.0,99.984,100.0
bigann,euclidean,robust-prune,128,10000,1000000000,139,100.0,100.0,99.9842,100.0
bigann,euclidean,robust-prune,128,10000,1000000000,140,100.0,100.0,99.9844,100.0
bigann,euclidean,robust-prune,128,10000,1000000000,141,100.0,100.0,99.9915,100.0
bigann,euclidean,robust-prune,128,10000,1000000000,142,100.0,100.0,99.992,100.0
bigann,euclidean,robust-prune,128,10000,1000000000,143,100.0,100.0,99.9921,100.0
bigann,euclidean,robust-prune,128,10000,1000000000,144,100.0,100.0,99.9962,100.0
bigann,euclidean,robust-prune,128,10000,1000000000,145,100.0,100.0,99.9962,100.0
bigann,euclidean,robust-prune,128,10000,1000000000,146,100.0,100.0,99.9965,100.0
bigann,euclidean,robust-prune,128,10000,1000000000,147,100.0,100.0,99.9965,100.0
bigann,euclidean,robust-prune,128,10000,1000000000,148,100.0,100.0,99.9971,100.0
bigann,euclidean,robust-prune,128,10000,1000000000,149,100.0,100.0,99.9972,100.0
bigann,euclidean,robust-prune,128,10000,1000000000,150,100.0,100.0,99.9973,100.0
bigann,euclidean,robust-prune,128,10000,1000000000,151,100.0,100.0,99.9974,100.0
bigann,euclidean,robust-prune,128,10000,1000000000,152,100.0,100.0,99.9974,100.0
bigann,euclidean,robust-prune,128,10000,1000000000,153,100.0,100.0,99.9974,100.0
bigann,euclidean,robust-prune,128,10000,1000000000,154,100.0,100.0,99.9975,100.0
bigann,euclidean,robust-prune,128,10000,1000000000,155,100.0,100.0,99.9976,100.0
bigann,euclidean,robust-prune,128,10000,1000000000,156,100.0,100.0,99.9976,100.0
bigann,euclidean,robust-prune,128,10000,1000000000,157,100.0,100.0,99.9976,100.0
bigann,euclidean,robust-prune,128,10000,1000000000,158,100.0,100.0,99.9976,100.0
bigann,euclidean,robust-prune,128,10000,1000000000,159,100.0,100.0,99.9977,100.0
bigann,euclidean,robust-prune,128,10000,1000000000,160,100.0,100.0,99.9977,100.0
bigann,euclidean,robust-prune,128,10000,1000000000,161,100.0,100.0,99.9977,100.0
bigann,euclidean,robust-prune,128,10000,1000000000,162,100.0,100.0,99.9977,100.0
bigann,euclidean,robust-prune,128,10000,1000000000,163,100.0,100.0,99.9979,100.0
bigann,euclidean,robust-prune,128,10000,1000000000,164,100.0,100.0,99.9979,100.0
bigann,euclidean,robust-prune,128,10000,1000000000,165,100.0,100.0,99.9979,100.0
bigann,euclidean,robust-prune,128,10000,1000000000,166,100.0,100.0,99.998,100.0
bigann,euclidean,robust-prune,128,10000,1000000000,167,100.0,100.0,99.998,100.0
bigann,euclidean,robust-prune,128,10000,1000000000,168,100.0,100.0,99.998,100.0
bigann,euclidean,robust-prune,128,10000,1000000000,169,100.0,100.0,99.9981,100.0
bigann,euclidean,robust-prune,128,10000,1000000000,170,100.0,100.0,99.9981,100.0
bigann,euclidean,robust-prune,128,10000,1000000000,171,100.0,100.0,99.9981,100.0
bigann,euclidean,robust-prune,128,10000,1000000000,172,100.0,100.0,99.9981,100.0
bigann,euclidean,robust-prune,128,10000,1000000000,173,100.0,100.0,99.9982,100.0
bigann,euclidean,robust-prune,128,10000,1000000000,174,100.0,100.0,99.9983,100.0
bigann,euclidean,robust-prune,128,10000,1000000000,175,100.0,100.0,99.9983,100.0
bigann,euclidean,robust-prune,128,10000,1000000000,176,100.0,100.0,99.9983,100.0
bigann,euclidean,robust-prune,128,10000,1000000000,177,100.0,100.0,99.9983,100.0
bigann,euclidean,robust-prune,128,10000,1000000000,178,100.0,100.0,99.9983,100.0
bigann,euclidean,robust-prune,128,10000,1000000000,179,100.0,100.0,99.9983,100.0
bigann,euclidean,robust-prune,128,10000,1000000000,180,100.0,100.0,99.9983,100.0
bigann,euclidean,robust-prune,128,10000,1000000000,181,100.0,100.0,99.9983,100.0
bigann,euclidean,robust-prune,128,10000,1000000000,182,100.0,100.0,99.9984,100.0
bigann,euclidean,robust-prune,128,10000,1000000000,183,100.0,100.0,99.9984,100.0
bigann,euclidean,robust-prune,128,10000,1000000000,184,100.0,100.0,99.9984,100.0
bigann,euclidean,robust-prune,128,10000,1000000000,185,100.0,100.0,99.9984,100.0
bigann,euclidean,robust-prune,128,10000,1000000000,186,100.0,100.0,99.9984,100.0
bigann,euclidean,robust-prune,128,10000,1000000000,187,100.0,100.0,99.9984,100.0
bigann,euclidean,robust-prune,128,10000,1000000000,188,100.0,100.0,99.9984,100.0
bigann,euclidean,robust-prune,128,10000,1000000000,189,100.0,100.0,99.9984,100.0
bigann,euclidean,robust-prune,128,10000,1000000000,190,100.0,100.0,99.9985,100.0
bigann,euclidean,robust-prune,128,10000,1000000000,191,100.0,100.0,99.9985,100.0
bigann,euclidean,robust-prune,128,10000,1000000000,192,100.0,100.0,99.9985,100.0
bigann,euclidean,robust-prune,128,10000,1000000000,193,100.0,100.0,99.9985,100.0
bigann,euclidean,robust-prune,128,10000,1000000000,194,100.0,100.0,99.9985,100.0
bigann,euclidean,robust-prune,128,10000,1000000000,195,100.0,100.0,99.9985,100.0
bigann,euclidean,robust-prune,128,10000,1000000000,196,100.0,100.0,99.9985,100.0
bigann,euclidean,robust-prune,128,10000,1000000000,197,100.0,100.0,99.9985,100.0
bigann,euclidean,robust-prune,128,10000,1000000000,198,100.0,100.0,99.9985,100.0
bigann,euclidean,robust-prune,128,10000,1000000000,199,100.0,100.0,99.9985,100.0
bigann,euclidean,robust-prune,128,10000,1000000000,200,100.0,100.0,99.9986,100.0
bigann,euclidean,robust-prune,128,10000,1000000000,201,100.0,100.0,99.9986,100.0
bigann,euclidean,robust-prune,128,10000,1000000000,202,100.0,100.0,99.9986,100.0
bigann,euclidean,robust-prune,128,10000,1000000000,203,100.0,100.0,99.9986,100.0
bigann,euclidean,robust-prune,128,10000,1000000000,204,100.0,100.0,99.9986,100.0
bigann,euclidean,robust-prune,128,10000,1000000000,205,100.0,100.0,99.9986,100.0
bigann,euclidean,robust-prune,128,10000,1000000000,206,100.0,100.0,99.9987,100.0
bigann,euclidean,robust-prune,128,10000,1000000000,207,100.0,100.0,99.9987,100.0
bigann,euclidean,robust-prune,128,10000,1000000000,208,100.0,100.0,99.9987,100.0
bigann,euclidean,robust-prune,128,10000,1000000000,209,100.0,100.0,99.9987,100.0
bigann,euclidean,robust-prune,128,10000,1000000000,210,100.0,100.0,99.9987,100.0
bigann,euclidean,robust-prune,128,10000,1000000000,211,100.0,100.0,99.9987,100.0
bigann,euclidean,robust-prune,128,10000,1000000000,212,100.0,100.0,99.9987,100.0
bigann,euclidean,robust-prune,128,10000,1000000000,213,100.0,100.0,99.9988,100.0
bigann,euclidean,robust-prune,128,10000,1000000000,214,100.0,100.0,99.9988,100.0
bigann,euclidean,robust-prune,128,10000,1000000000,215,100.0,100.0,99.9988,100.0
bigann,euclidean,robust-prune,128,10000,1000000000,216,100.0,100.0,99.9988,100.0
bigann,euclidean,robust-prune,128,10000,1000000000,217,100.0,100.0,99.9989,100.0
bigann,euclidean,robust-prune,128,10000,1000000000,218,100.0,100.0,99.9989,100.0
bigann,euclidean,robust-prune,128,10000,1000000000,219,100.0,100.0,99.9989,100.0
bigann,euclidean,robust-prune,128,10000,1000000000,220,100.0,100.0,99.9989,100.0
bigann,euclidean,robust-prune,128,10000,1000000000,221,100.0,100.0,99.9989,100.0
bigann,euclidean,robust-prune,128,10000,1000000000,222,100.0,100.0,99.9989,100.0
bigann,euclidean,robust-prune,128,10000,1000000000,223,100.0,100.0,99.9989,100.0
bigann,euclidean,robust-prune,128,10000,1000000000,224,100.0,100.0,99.9989,100.0
bigann,euclidean,robust-prune,128,10000,1000000000,225,100.0,100.0,99.9989,100.0
bigann,euclidean,robust-prune,128,10000,1000000000,226,100.0,100.0,99.9989,100.0
bigann,euclidean,robust-prune,128,10000,1000000000,227,100.0,100.0,99.9989,100.0
bigann,euclidean,robust-prune,128,10000,1000000000,228,100.0,100.0,99.9989,100.0
bigann,euclidean,robust-prune,128,10000,1000000000,229,100.0,100.0,99.999,100.0
bigann,euclidean,robust-prune,128,10000,1000000000,230,100.0,100.0,99.999,100.0
bigann,euclidean,robust-prune,128,10000,1000000000,231,100.0,100.0,99.999,100.0
bigann,euclidean,robust-prune,128,10000,1000000000,232,100.0,100.0,99.999,100.0
bigann,euclidean,robust-prune,128,10000,1000000000,233,100.0,100.0,99.999,100.0
bigann,euclidean,robust-prune,128,10000,1000000000,234,100.0,100.0,99.999,100.0
bigann,euclidean,robust-prune,128,10000,1000000000,235,100.0,100.0,99.999,100.0
bigann,euclidean,robust-prune,128,10000,1000000000,236,100.0,100.0,99.999,100.0
bigann,euclidean,robust-prune,128,10000,1000000000,237,100.0,100.0,99.999,100.0
bigann,euclidean,robust-prune,128,10000,1000000000,238,100.0,100.0,99.999,100.0
bigann,euclidean,robust-prune,128,10000,1000000000,239,100.0,100.0,99.9991,100.0
bigann,euclidean,robust-prune,128,10000,1000000000,240,100.0,100.0,99.9991,100.0
bigann,euclidean,robust-prune,128,10000,1000000000,241,100.0,100.0,99.9991,100.0
bigann,euclidean,robust-prune,128,10000,1000000000,242,100.0,100.0,99.9991,100.0
bigann,euclidean,robust-prune,128,10000,1000000000,243,100.0,100.0,99.9991,100.0
bigann,euclidean,robust-prune,128,10000,1000000000,244,100.0,100.0,99.9991,100.0
bigann,euclidean,robust-prune,128,10000,1000000000,245,100.0,100.0,99.9991,100.0
bigann,euclidean,robust-prune,128,10000,1000000000,246,100.0,100.0,99.9991,100.0
bigann,euclidean,robust-prune,128,10000,1000000000,247,100.0,100.0,99.9991,100.0
bigann,euclidean,robust-prune,128,10000,1000000000,248,100.0,100.0,99.9991,100.0
bigann,euclidean,robust-prune,128,10000,1000000000,249,100.0,100.0,99.9991,100.0
bigann,euclidean,robust-prune,128,10000,1000000000,250,100.0,100.0,99.9991,100.0
bigann,euclidean,robust-prune,128,10000,1000000000,251,100.0,100.0,99.9991,100.0
bigann,euclidean,robust-prune,128,10000,1000000000,252,100.0,100.0,99.9991,100.0
bigann,euclidean,robust-prune,128,10000,1000000000,253,100.0,100.0,99.9991,100.0
bigann,euclidean,robust-prune,128,10000,1000000000,254,100.0,100.0,99.9991,100.0
bigann,euclidean,robust-prune,128,10000,1000000000,255,100.0,100.0,99.9992,100.0
bigann,euclidean,robust-prune,128,10000,1000000000,256,100.0,100.0,99.9992,100.0
bigann,euclidean,robust-prune,128,10000,1000000000,257,100.0,100.0,99.9992,100.0
bigann,euclidean,robust-prune,128,10000,1000000000,258,100.0,100.0,99.9992,100.0
bigann,euclidean,robust-prune,128,10000,1000000000,259,100.0,100.0,99.9992,100.0
bigann,euclidean,robust-prune,128,10000,1000000000,260,100.0,100.0,99.9992,100.0
bigann,euclidean,robust-prune,128,10000,1000000000,261,100.0,100.0,99.9992,100.0
bigann,euclidean,robust-prune,128,10000,1000000000,262,100.0,100.0,99.9992,100.0
bigann,euclidean,robust-prune,128,10000,1000000000,263,100.0,100.0,99.9992,100.0
bigann,euclidean,robust-prune,128,10000,1000000000,264,100.0,100.0,99.9992,100.0
bigann,euclidean,robust-prune,128,10000,1000000000,265,100.0,100.0,99.9992,100.0
bigann,euclidean,robust-prune,128,10000,1000000000,266,100.0,100.0,99.9992,100.0
bigann,euclidean,robust-prune,128,10000,1000000000,267,100.0,100.0,99.9992,100.0
bigann,euclidean,robust-prune,128,10000,1000000000,268,100.0,100.0,99.9992,100.0
bigann,euclidean,robust-prune,128,10000,1000000000,269,100.0,100.0,99.9992,100.0
bigann,euclidean,robust-prune,128,10000,1000000000,270,100.0,100.0,99.9993,100.0
bigann,euclidean,robust-prune,128,10000,1000000000,271,100.0,100.0,99.9993,100.0
bigann,euclidean,robust-prune,128,10000,1000000000,272,100.0,100.0,99.9993,100.0
bigann,euclidean,robust-prune,128,10000,1000000000,273,100.0,100.0,99.9993,100.0
bigann,euclidean,robust-prune,128,10000,1000000000,274,100.0,100.0,99.9993,100.0
bigann,euclidean,robust-prune,128,10000,1000000000,275,100.0,100.0,99.9993,100.0
bigann,euclidean,robust-prune,128,10000,1000000000,276,100.0,100.0,99.9993,100.0
bigann,euclidean,robust-prune,128,10000,1000000000,277,100.0,100.0,99.9993,100.0
bigann,euclidean,robust-prune,128,10000,1000000000,278,100.0,100.0,99.9993,100.0
bigann,euclidean,robust-prune,128,10000,1000000000,279,100.0,100.0,99.9993,100.0
bigann,euclidean,robust-prune,128,10000,1000000000,280,100.0,100.0,99.9993,100.0
bigann,euclidean,robust-prune,128,10000,1000000000,281,100.0,100.0,99.9993,100.0
bigann,euclidean,robust-prune,128,10000,1000000000,282,100.0,100.0,99.9993,100.0
bigann,euclidean,robust-prune,128,10000,1000000000,283,100.0,100.0,99.9993,100.0
bigann,euclidean,robust-prune,128,10000,1000000000,284,100.0,100.0,99.9993,100.0
bigann,euclidean,robust-prune,128,10000,1000000000,285,100.0,100.0,99.9993,100.0
bigann,euclidean,robust-prune,128,10000,1000000000,286,100.0,100.0,99.9993,100.0
bigann,euclidean,robust-prune,128,10000,1000000000,287,100.0,100.0,99.9993,100.0
bigann,euclidean,robust-prune,128,10000,1000000000,288,100.0,100.0,99.9993,100.0
bigann,euclidean,robust-prune,128,10000,1000000000,289,100.0,100.0,99.9993,100.0
bigann,euclidean,robust-prune,128,10000,1000000000,290,100.0,100.0,99.9993,100.0
bigann,euclidean,robust-prune,128,10000,1000000000,291,100.0,100.0,99.9993,100.0
bigann,euclidean,robust-prune,128,10000,1000000000,292,100.0,100.0,99.9994,100.0
bigann,euclidean,robust-prune,128,10000,1000000000,293,100.0,100.0,99.9994,100.0
bigann,euclidean,robust-prune,128,10000,1000000000,294,100.0,100.0,99.9994,100.0
bigann,euclidean,robust-prune,128,10000,1000000000,295,100.0,100.0,99.9994,100.0
bigann,euclidean,robust-prune,128,10000,1000000000,296,100.0,100.0,99.9994,100.0
bigann,euclidean,robust-prune,128,10000,1000000000,297,100.0,100.0,99.9994,100.0
bigann,euclidean,robust-prune,128,10000,1000000000,298,100.0,100.0,99.9994,100.0
bigann,euclidean,robust-prune,128,10000,1000000000,299,100.0,100.0,99.9994,100.0
bigann,euclidean,robust-prune,128,10000,1000000000,300,100.0,100.0,99.9994,100.0
bigann,euclidean,robust-prune,128,10000,1000000000,301,100.0,100.0,99.9994,100.0
bigann,euclidean,robust-prune,128,10000,1000000000,302,100.0,100.0,99.9994,100.0
bigann,euclidean,robust-prune,128,10000,1000000000,303,100.0,100.0,99.9994,100.0
bigann,euclidean,robust-prune,128,10000,1000000000,304,100.0,100.0,99.9994,100.0
bigann,euclidean,robust-prune,128,10000,1000000000,305,100.0,100.0,99.9994,100.0
bigann,euclidean,robust-prune,128,10000,1000000000,306,100.0,100.0,99.9994,100.0
bigann,euclidean,robust-prune,128,10000,1000000000,307,100.0,100.0,99.9994,100.0
bigann,euclidean,robust-prune,128,10000,1000000000,308,100.0,100.0,99.9994,100.0
bigann,euclidean,robust-prune,128,10000,1000000000,309,100.0,100.0,99.9994,100.0
bigann,euclidean,robust-prune,128,10000,1000000000,310,100.0,100.0,99.9994,100.0
bigann,euclidean,robust-prune,128,10000,1000000000,311,100.0,100.0,99.9994,100.0
bigann,euclidean,robust-prune,128,10000,1000000000,312,100.0,100.0,99.9994,100.0
bigann,euclidean,robust-prune,128,10000,1000000000,313,100.0,100.0,99.9994,100.0
bigann,euclidean,robust-prune,128,10000,1000000000,314,100.0,100.0,99.9995,100.0
bigann,euclidean,robust-prune,128,10000,1000000000,315,100.0,100.0,99.9995,100.0
bigann,euclidean,robust-prune,128,10000,1000000000,316,100.0,100.0,99.9995,100.0
bigann,euclidean,robust-prune,128,10000,1000000000,317,100.0,100.0,99.9995,100.0
bigann,euclidean,robust-prune,128,10000,1000000000,318,100.0,100.0,99.9995,100.0
bigann,euclidean,robust-prune,128,10000,1000000000,319,100.0,100.0,99.9995,100.0
bigann,euclidean,robust-prune,128,10000,1000000000,320,100.0,100.0,99.9995,100.0
bigann,euclidean,robust-prune,128,10000,1000000000,321,100.0,100.0,99.9995,100.0
bigann,euclidean,robust-prune,128,10000,1000000000,322,100.0,100.0,99.9995,100.0
bigann,euclidean,robust-prune,128,10000,1000000000,323,100.0,100.0,99.9995,100.0
bigann,euclidean,robust-prune,128,10000,1000000000,324,100.0,100.0,99.9995,100.0
bigann,euclidean,robust-prune,128,10000,1000000000,325,100.0,100.0,99.9995,100.0
bigann,euclidean,robust-prune,128,10000,1000000000,326,100.0,100.0,99.9995,100.0
bigann,euclidean,robust-prune,128,10000,1000000000,327,100.0,100.0,99.9995,100.0
bigann,euclidean,robust-prune,128,10000,1000000000,328,100.0,100.0,99.9995,100.0
bigann,euclidean,robust-prune,128,10000,1000000000,329,100.0,100.0,99.9995,100.0
bigann,euclidean,robust-prune,128,10000,1000000000,330,100.0,100.0,99.9996,100.0
bigann,euclidean,robust-prune,128,10000,1000000000,331,100.0,100.0,99.9996,100.0
bigann,euclidean,robust-prune,128,10000,1000000000,332,100.0,100.0,99.9996,100.0
bigann,euclidean,robust-prune,128,10000,1000000000,333,100.0,100.0,99.9996,100.0
bigann,euclidean,robust-prune,128,10000,1000000000,334,100.0,100.0,99.9996,100.0
bigann,euclidean,robust-prune,128,10000,1000000000,335,100.0,100.0,99.9996,100.0
bigann,euclidean,robust-prune,128,10000,1000000000,336,100.0,100.0,99.9996,100.0
bigann,euclidean,robust-prune,128,10000,1000000000,337,100.0,100.0,99.9996,100.0
bigann,euclidean,robust-prune,128,10000,1000000000,338,100.0,100.0,99.9996,100.0
bigann,euclidean,robust-prune,128,10000,1000000000,339,100.0,100.0,99.9996,100.0
bigann,euclidean,robust-prune,128,10000,1000000000,340,100.0,100.0,99.9996,100.0
bigann,euclidean,robust-prune,128,10000,1000000000,341,100.0,100.0,99.9996,100.0
bigann,euclidean,robust-prune,128,10000,1000000000,342,100.0,100.0,99.9996,100.0
bigann,euclidean,robust-prune,128,10000,1000000000,343,100.0,100.0,99.9996,100.0
bigann,euclidean,robust-prune,128,10000,1000000000,344,100.0,100.0,99.9996,100.0
bigann,euclidean,robust-prune,128,10000,1000000000,345,100.0,100.0,99.9996,100.0
bigann,euclidean,robust-prune,128,10000,1000000000,346,100.0,100.0,99.9996,100.0
bigann,euclidean,robust-prune,128,10000,1000000000,347,100.0,100.0,99.9996,100.0
bigann,euclidean,robust-prune,128,10000,1000000000,348,100.0,100.0,99.9996,100.0
bigann,euclidean,robust-prune,128,10000,1000000000,349,100.0,100.0,99.9996,100.0
bigann,euclidean,robust-prune,128,10000,1000000000,350,100.0,100.0,99.9996,100.0
bigann,euclidean,robust-prune,128,10000,1000000000,351,100.0,100.0,99.9996,100.0
bigann,euclidean,robust-prune,128,10000,1000000000,352,100.0,100.0,99.9996,100.0
bigann,euclidean,robust-prune,128,10000,1000000000,353,100.0,100.0,99.9996,100.0
bigann,euclidean,robust-prune,128,10000,1000000000,354,100.0,100.0,99.9996,100.0
bigann,euclidean,robust-prune,128,10000,1000000000,355,100.0,100.0,99.9996,100.0
bigann,euclidean,robust-prune,128,10000,1000000000,356,100.0,100.0,99.9996,100.0
bigann,euclidean,robust-prune,128,10000,1000000000,357,100.0,100.0,99.9996,100.0
bigann,euclidean,robust-prune,128,10000,1000000000,358,100.0,100.0,99.9996,100.0
bigann,euclidean,robust-prune,128,10000,1000000000,359,100.0,100.0,99.9996,100.0
bigann,euclidean,robust-prune,128,10000,1000000000,360,100.0,100.0,99.9997,100.0
bigann,euclidean,robust-prune,128,10000,1000000000,361,100.0,100.0,99.9997,100.0
bigann,euclidean,robust-prune,128,10000,1000000000,362,100.0,100.0,99.9997,100.0
bigann,euclidean,robust-prune,128,10000,1000000000,363,100.0,100.0,99.9997,100.0
bigann,euclidean,robust-prune,128,10000,1000000000,364,100.0,100.0,99.9997,100.0
bigann,euclidean,robust-prune,128,10000,1000000000,365,100.0,100.0,99.9997,100.0
bigann,euclidean,robust-prune,128,10000,1000000000,366,100.0,100.0,99.9997,100.0
bigann,euclidean,robust-prune,128,10000,1000000000,367,100.0,100.0,99.9997,100.0
bigann,euclidean,robust-prune,128,10000,1000000000,368,100.0,100.0,99.9997,100.0
bigann,euclidean,robust-prune,128,10000,1000000000,369,100.0,100.0,99.9997,100.0
bigann,euclidean,robust-prune,128,10000,1000000000,370,100.0,100.0,99.9997,100.0
bigann,euclidean,robust-prune,128,10000,1000000000,371,100.0,100.0,99.9997,100.0
bigann,euclidean,robust-prune,128,10000,1000000000,372,100.0,100.0,99.9997,100.0
bigann,euclidean,robust-prune,128,10000,1000000000,373,100.0,100.0,99.9997,100.0
bigann,euclidean,robust-prune,128,10000,1000000000,374,100.0,100.0,99.9997,100.0
bigann,euclidean,robust-prune,128,10000,1000000000,375,100.0,100.0,99.9997,100.0
bigann,euclidean,robust-prune,128,10000,1000000000,376,100.0,100.0,99.9997,100.0
bigann,euclidean,robust-prune,128,10000,1000000000,377,100.0,100.0,99.9997,100.0
bigann,euclidean,robust-prune,128,10000,1000000000,378,100.0,100.0,99.9997,100.0
bigann,euclidean,robust-prune,128,10000,1000000000,379,100.0,100.0,99.9997,100.0
bigann,euclidean,robust-prune,128,10000,1000000000,380,100.0,100.0,99.9997,100.0
bigann,euclidean,robust-prune,128,10000,1000000000,381,100.0,100.0,99.9997,100.0
bigann,euclidean,robust-prune,128,10000,1000000000,382,100.0,100.0,99.9997,100.0
bigann,euclidean,robust-prune,128,10000,1000000000,383,100.0,100.0,99.9997,100.0
bigann,euclidean,robust-prune,128,10000,1000000000,384,100.0,100.0,99.9997,100.0
bigann,euclidean,robust-prune,128,10000,1000000000,385,100.0,100.0,99.9997,100.0
bigann,euclidean,robust-prune,128,10000,1000000000,386,100.0,100.0,99.9997,100.0
bigann,euclidean,robust-prune,128,10000,1000000000,387,100.0,100.0,99.9997,100.0
bigann,euclidean,robust-prune,128,10000,1000000000,388,100.0,100.0,99.9997,100.0
bigann,euclidean,robust-prune,128,10000,1000000000,389,100.0,100.0,99.9997,100.0
bigann,euclidean,robust-prune,128,10000,1000000000,390,100.0,100.0,99.9997,100.0
bigann,euclidean,robust-prune,128,10000,1000000000,391,100.0,100.0,99.9997,100.0
bigann,euclidean,robust-prune,128,10000,1000000000,392,100.0,100.0,99.9997,100.0
bigann,euclidean,robust-prune,128,10000,1000000000,393,100.0,100.0,99.9997,100.0
bigann,euclidean,robust-prune,128,10000,1000000000,394,100.0,100.0,99.9997,100.0
bigann,euclidean,robust-prune,128,10000,1000000000,395,100.0,100.0,99.9997,100.0
bigann,euclidean,robust-prune,128,10000,1000000000,396,100.0,100.0,99.9997,100.0
bigann,euclidean,robust-prune,128,10000,1000000000,397,100.0,100.0,99.9997,100.0
bigann,euclidean,robust-prune,128,10000,1000000000,398,100.0,100.0,99.9997,100.0
bigann,euclidean,robust-prune,128,10000,1000000000,399,100.0,100.0,99.9997,100.0
bigann,euclidean,robust-prune,128,10000,1000000000,400,100.0,100.0,99.9997,100.0
bigann,euclidean,robust-prune,128,10000,1000000000,401,100.0,100.0,99.9997,100.0
bigann,euclidean,robust-prune,128,10000,1000000000,402,100.0,100.0,99.9998,100.0
bigann,euclidean,robust-prune,128,10000,1000000000,403,100.0,100.0,99.9998,100.0
bigann,euclidean,robust-prune,128,10000,1000000000,404,100.0,100.0,99.9998,100.0
bigann,euclidean,robust-prune,128,10000,1000000000,405,100.0,100.0,99.9999,100.0
bigann,euclidean,robust-prune,128,10000,1000000000,406,100.0,100.0,99.9999,100.0
bigann,euclidean,robust-prune,128,10000,1000000000,407,100.0,100.0,99.9999,100.0
bigann,euclidean,robust-prune,128,10000,1000000000,408,100.0,100.0,99.9999,100.0
bigann,euclidean,robust-prune,128,10000,1000000000,409,100.0,100.0,99.9999,100.0
bigann,euclidean,robust-prune,128,10000,1000000000,410,100.0,100.0,99.9999,100.0
bigann,euclidean,robust-prune,128,10000,1000000000,411,100.0,100.0,99.9999,100.0
bigann,euclidean,robust-prune,128,10000,1000000000,412,100.0,100.0,99.9999,100.0
bigann,euclidean,robust-prune,128,10000,1000000000,413,100.0,100.0,99.9999,100.0
bigann,euclidean,robust-prune,128,10000,1000000000,414,100.0,100.0,99.9999,100.0
bigann,euclidean,robust-prune,128,10000,1000000000,415,100.0,100.0,99.9999,100.0
bigann,euclidean,robust-prune,128,10000,1000000000,416,100.0,100.0,99.9999,100.0
bigann,euclidean,robust-prune,128,10000,1000000000,417,100.0,100.0,99.9999,100.0
bigann,euclidean,robust-prune,128,10000,1000000000,418,100.0,100.0,99.9999,100.0
bigann,euclidean,robust-prune,128,10000,1000000000,419,100.0,100.0,99.9999,100.0
bigann,euclidean,robust-prune,128,10000,1000000000,420,100.0,100.0,99.9999,100.0
bigann,euclidean,robust-prune,128,10000,1000000000,421,100.0,100.0,99.9999,100.0
bigann,euclidean,robust-prune,128,10000,1000000000,422,100.0,100.0,99.9999,100.0
bigann,euclidean,robust-prune,128,10000,1000000000,423,100.0,100.0,99.9999,100.0
bigann,euclidean,robust-prune,128,10000,1000000000,424,100.0,100.0,99.9999,100.0
bigann,euclidean,robust-prune,128,10000,1000000000,425,100.0,100.0,99.9999,100.0
bigann,euclidean,robust-prune,128,10000,1000000000,426,100.0,100.0,99.9999,100.0
bigann,euclidean,robust-prune,128,10000,1000000000,427,100.0,100.0,99.9999,100.0
bigann,euclidean,robust-prune,128,10000,1000000000,428,100.0,100.0,99.9999,100.0
bigann,euclidean,robust-prune,128,10000,1000000000,429,100.0,100.0,99.9999,100.0
bigann,euclidean,robust-prune,128,10000,1000000000,430,100.0,100.0,99.9999,100.0
bigann,euclidean,robust-prune,128,10000,1000000000,431,100.0,100.0,99.9999,100.0
bigann,euclidean,robust-prune,128,10000,1000000000,432,100.0,100.0,99.9999,100.0
bigann,euclidean,robust-prune,128,10000,1000000000,433,100.0,100.0,99.9999,100.0
bigann,euclidean,robust-prune,128,10000,1000000000,434,100.0,100.0,99.9999,100.0
bigann,euclidean,robust-prune,128,10000,1000000000,435,100.0,100.0,99.9999,100.0
bigann,euclidean,robust-prune,128,10000,1000000000,436,100.0,100.0,99.9999,100.0
bigann,euclidean,robust-prune,128,10000,1000000000,437,100.0,100.0,99.9999,100.0
bigann,euclidean,robust-prune,128,10000,1000000000,438,100.0,100.0,99.9999,100.0
bigann,euclidean,robust-prune,128,10000,1000000000,439,100.0,100.0,99.9999,100.0
bigann,euclidean,robust-prune,128,10000,1000000000,440,100.0,100.0,99.9999,100.0
bigann,euclidean,robust-prune,128,10000,1000000000,441,100.0,100.0,99.9999,100.0
bigann,euclidean,robust-prune,128,10000,1000000000,442,100.0,100.0,99.9999,100.0
bigann,euclidean,robust-prune,128,10000,1000000000,443,100.0,100.0,99.9999,100.0
bigann,euclidean,robust-prune,128,10000,1000000000,444,100.0,100.0,99.9999,100.0
bigann,euclidean,robust-prune,128,10000,1000000000,445,100.0,100.0,99.9999,100.0
bigann,euclidean,robust-prune,128,10000,1000000000,446,100.0,100.0,99.9999,100.0
bigann,euclidean,robust-prune,128,10000,1000000000,447,100.0,100.0,99.9999,100.0
bigann,euclidean,robust-prune,128,10000,1000000000,448,100.0,100.0,99.9999,100.0
bigann,euclidean,robust-prune,128,10000,1000000000,449,100.0,100.0,99.9999,100.0
bigann,euclidean,robust-prune,128,10000,1000000000,450,100.0,100.0,99.9999,100.0
bigann,euclidean,robust-prune,128,10000,1000000000,451,100.0,100.0,99.9999,100.0
bigann,euclidean,robust-prune,128,10000,1000000000,452,100.0,100.0,99.9999,100.0
bigann,euclidean,robust-prune,128,10000,1000000000,453,100.0,100.0,99.9999,100.0
bigann,euclidean,robust-prune,128,10000,1000000000,454,100.0,100.0,99.9999,100.0
bigann,euclidean,robust-prune,128,10000,1000000000,455,100.0,100.0,99.9999,100.0
bigann,euclidean,robust-prune,128,10000,1000000000,456,100.0,100.0,99.9999,100.0
bigann,euclidean,robust-prune,128,10000,1000000000,457,100.0,100.0,99.9999,100.0
bigann,euclidean,robust-prune,128,10000,1000000000,458,100.0,100.0,99.9999,100.0
bigann,euclidean,robust-prune,128,10000,1000000000,459,100.0,100.0,99.9999,100.0
bigann,euclidean,robust-prune,128,10000,1000000000,460,100.0,100.0,99.9999,100.0
bigann,euclidean,robust-prune,128,10000,1000000000,461,100.0,100.0,99.9999,100.0
bigann,euclidean,robust-prune,128,10000,1000000000,462,100.0,100.0,99.9999,100.0
bigann,euclidean,robust-prune,128,10000,1000000000,463,100.0,100.0,99.9999,100.0
bigann,euclidean,robust-prune,128,10000,1000000000,464,100.0,100.0,99.9999,100.0
bigann,euclidean,robust-prune,128,10000,1000000000,465,100.0,100.0,99.9999,100.0
bigann,euclidean,robust-prune,128,10000,1000000000,466,100.0,100.0,99.9999,100.0
bigann,euclidean,robust-prune,128,10000,1000000000,467,100.0,100.0,99.9999,100.0
bigann,euclidean,robust-prune,128,10000,1000000000,468,100.0,100.0,99.9999,100.0
bigann,euclidean,robust-prune,128,10000,1000000000,469,100.0,100.0,99.9999,100.0
bigann,euclidean,robust-prune,128,10000,1000000000,470,100.0,100.0,99.9999,100.0
bigann,euclidean,robust-prune,128,10000,1000000000,471,100.0,100.0,99.9999,100.0
bigann,euclidean,robust-prune,128,10000,1000000000,472,100.0,100.0,99.9999,100.0
bigann,euclidean,robust-prune,128,10000,1000000000,473,100.0,100.0,99.9999,100.0
bigann,euclidean,robust-prune,128,10000,1000000000,474,100.0,100.0,99.9999,100.0
bigann,euclidean,robust-prune,128,10000,1000000000,475,100.0,100.0,99.9999,100.0
bigann,euclidean,robust-prune,128,10000,1000000000,476,100.0,100.0,99.9999,100.0
bigann,euclidean,robust-prune,128,10000,1000000000,477,100.0,100.0,99.9999,100.0
bigann,euclidean,robust-prune,128,10000,1000000000,478,100.0,100.0,99.9999,100.0
bigann,euclidean,robust-prune,128,10000,1000000000,479,100.0,100.0,99.9999,100.0
bigann,euclidean,robust-prune,128,10000,1000000000,480,100.0,100.0,99.9999,100.0
bigann,euclidean,robust-prune,128,10000,1000000000,481,100.0,100.0,99.9999,100.0
bigann,euclidean,robust-prune,128,10000,1000000000,482,100.0,100.0,99.9999,100.0
bigann,euclidean,robust-prune,128,10000,1000000000,483,100.0,100.0,99.9999,100.0
bigann,euclidean,robust-prune,128,10000,1000000000,484,100.0,100.0,99.9999,100.0
bigann,euclidean,robust-prune,128,10000,1000000000,485,100.0,100.0,99.9999,100.0
bigann,euclidean,robust-prune,128,10000,1000000000,486,100.0,100.0,99.9999,100.0
bigann,euclidean,robust-prune,128,10000,1000000000,487,100.0,100.0,99.9999,100.0
bigann,euclidean,robust-prune,128,10000,1000000000,488,100.0,100.0,99.9999,100.0
bigann,euclidean,robust-prune,128,10000,1000000000,489,100.0,100.0,99.9999,100.0
bigann,euclidean,robust-prune,128,10000,1000000000,490,100.0,100.0,99.9999,100.0
bigann,euclidean,robust-prune,128,10000,1000000000,491,100.0,100.0,100.0,100.0
bigann,euclidean,robust-prune,128,10000,1000000000,492,100.0,100.0,100.0,100.0
bigann,euclidean,robust-prune,128,10000,1000000000,493,100.0,100.0,100.0,100.0
bigann,euclidean,robust-prune,128,10000,1000000000,494,100.0,100.0,100.0,100.0
bigann,euclidean,robust-prune,128,10000,1000000000,495,100.0,100.0,100.0,100.0
bigann,euclidean,robust-prune,128,10000,1000000000,496,100.0,100.0,100.0,100.0
bigann,euclidean,robust-prune,128,10000,1000000000,497,100.0,100.0,100.0,100.0
bigann,euclidean,robust-prune,128,10000,1000000000,498,100.0,100.0,100.0,100.0
bigann,euclidean,robust-prune,128,10000,1000000000,499,100.0,100.0,100.0,100.0
bigann,euclidean,robust-prune,128,10000,1000000000,500,100.0,100.0,100.0,100.0
bigann,euclidean,robust-prune,128,10000,1000000000,501,100.0,100.0,100.0,100.0
bigann,euclidean,robust-prune,128,10000,1000000000,502,100.0,100.0,100.0,100.0
bigann,euclidean,robust-prune,128,10000,1000000000,503,100.0,100.0,100.0,100.0
bigann,euclidean,robust-prune,128,10000,1000000000,504,100.0,100.0,100.0,100.0
bigann,euclidean,robust-prune,128,10000,1000000000,505,100.0,100.0,100.0,100.0
bigann,euclidean,robust-prune,128,10000,1000000000,506,100.0,100.0,100.0,100.0
bigann,euclidean,robust-prune,128,10000,1000000000,507,100.0,100.0,100.0,100.0
bigann,euclidean,robust-prune,128,10000,1000000000,508,100.0,100.0,100.0,100.0
bigann,euclidean,robust-prune,128,10000,1000000000,509,100.0,100.0,100.0,100.0
bigann,euclidean,robust-prune,128,10000,1000000000,510,100.0,100.0,100.0,100.0
bigann,euclidean,robust-prune,128,10000,1000000000,511,100.0,100.0,100.0,100.0
bigann,euclidean,robust-prune,128,10000,1000000000,512,100.0,100.0,100.0,100.0
bigann,euclidean,robust-prune,128,10000,1000000000,513,100.0,100.0,100.0,100.0
bigann,euclidean,robust-prune,128,10000,1000000000,514,100.0,100.0,100.0,100.0
bigann,euclidean,robust-prune,128,10000,1000000000,515,100.0,100.0,100.0,100.0
bigann,euclidean,robust-prune,128,10000,1000000000,516,100.0,100.0,100.0,100.0
bigann,euclidean,robust-prune,128,10000,1000000000,517,100.0,100.0,100.0,100.0
bigann,euclidean,robust-prune,128,10000,1000000000,518,100.0,100.0,100.0,100.0
bigann,euclidean,robust-prune,128,10000,1000000000,519,100.0,100.0,100.0,100.0
bigann,euclidean,robust-prune,128,10000,1000000000,520,100.0,100.0,100.0,100.0
bigann,euclidean,robust-prune,128,10000,1000000000,521,100.0,100.0,100.0,100.0
bigann,euclidean,robust-prune,128,10000,1000000000,522,100.0,100.0,100.0,100.0
bigann,euclidean,robust-prune,128,10000,1000000000,523,100.0,100.0,100.0,100.0
bigann,euclidean,robust-prune,128,10000,1000000000,524,100.0,100.0,100.0,100.0
bigann,euclidean,robust-prune,128,10000,1000000000,525,100.0,100.0,100.0,100.0
bigann,euclidean,robust-prune,128,10000,1000000000,526,100.0,100.0,100.0,100.0
bigann,euclidean,robust-prune,128,10000,1000000000,527,100.0,100.0,100.0,100.0
bigann,euclidean,robust-prune,128,10000,1000000000,528,100.0,100.0,100.0,100.0
bigann,euclidean,robust-prune,128,10000,1000000000,529,100.0,100.0,100.0,100.0
bigann,euclidean,robust-prune,128,10000,1000000000,530,100.0,100.0,100.0,100.0
bigann,euclidean,robust-prune,128,10000,1000000000,531,100.0,100.0,100.0,100.0
bigann,euclidean,robust-prune,128,10000,1000000000,532,100.0,100.0,100.0,100.0
bigann,euclidean,robust-prune,128,10000,1000000000,533,100.0,100.0,100.0,100.0
bigann,euclidean,robust-prune,128,10000,1000000000,534,100.0,100.0,100.0,100.0
bigann,euclidean,robust-prune,128,10000,1000000000,535,100.0,100.0,100.0,100.0
bigann,euclidean,robust-prune,128,10000,1000000000,536,100.0,100.0,100.0,100.0
bigann,euclidean,robust-prune,128,10000,1000000000,537,100.0,100.0,100.0,100.0
bigann,euclidean,robust-prune,128,10000,1000000000,538,100.0,100.0,100.0,100.0
bigann,euclidean,robust-prune,128,10000,1000000000,539,100.0,100.0,100.0,100.0
bigann,euclidean,robust-prune,128,10000,1000000000,540,100.0,100.0,100.0,100.0
bigann,euclidean,robust-prune,128,10000,1000000000,541,100.0,100.0,100.0,100.0
bigann,euclidean,robust-prune,128,10000,1000000000,542,100.0,100.0,100.0,100.0
bigann,euclidean,robust-prune,128,10000,1000000000,543,100.0,100.0,100.0,100.0
bigann,euclidean,robust-prune,128,10000,1000000000,544,100.0,100.0,100.0,100.0
bigann,euclidean,robust-prune,128,10000,1000000000,545,100.0,100.0,100.0,100.0
bigann,euclidean,robust-prune,128,10000,1000000000,546,100.0,100.0,100.0,100.0
bigann,euclidean,robust-prune,128,10000,1000000000,547,100.0,100.0,100.0,100.0
bigann,euclidean,robust-prune,128,10000,1000000000,548,100.0,100.0,100.0,100.0
bigann,euclidean,robust-prune,128,10000,1000000000,549,100.0,100.0,100.0,100.0
bigann,euclidean,robust-prune,128,10000,1000000000,550,100.0,100.0,100.0,100.0
bigann,euclidean,robust-prune,128,10000,1000000000,551,100.0,100.0,100.0,100.0
bigann,euclidean,robust-prune,128,10000,1000000000,552,100.0,100.0,100.0,100.0
bigann,euclidean,robust-prune,128,10000,1000000000,553,100.0,100.0,100.0,100.0
bigann,euclidean,robust-prune,128,10000,1000000000,554,100.0,100.0,100.0,100.0
bigann,euclidean,robust-prune,128,10000,1000000000,555,100.0,100.0,100.0,100.0
bigann,euclidean,robust-prune,128,10000,1000000000,556,100.0,100.0,100.0,100.0
bigann,euclidean,robust-prune,128,10000,1000000000,557,100.0,100.0,100.0,100.0
bigann,euclidean,robust-prune,128,10000,1000000000,558,100.0,100.0,100.0,100.0
bigann,euclidean,robust-prune,128,10000,1000000000,559,100.0,100.0,100.0,100.0
bigann,euclidean,robust-prune,128,10000,1000000000,560,100.0,100.0,100.0,100.0
bigann,euclidean,robust-prune,128,10000,1000000000,561,100.0,100.0,100.0,100.0
bigann,euclidean,robust-prune,128,10000,1000000000,562,100.0,100.0,100.0,100.0
bigann,euclidean,robust-prune,128,10000,1000000000,563,100.0,100.0,100.0,100.0
bigann,euclidean,robust-prune,128,10000,1000000000,564,100.0,100.0,100.0,100.0
bigann,euclidean,robust-prune,128,10000,1000000000,565,100.0,100.0,100.0,100.0
bigann,euclidean,robust-prune,128,10000,1000000000,566,100.0,100.0,100.0,100.0
bigann,euclidean,robust-prune,128,10000,1000000000,567,100.0,100.0,100.0,100.0
bigann,euclidean,robust-prune,128,10000,1000000000,568,100.0,100.0,100.0,100.0
bigann,euclidean,robust-prune,128,10000,1000000000,569,100.0,100.0,100.0,100.0
bigann,euclidean,robust-prune,128,10000,1000000000,570,100.0,100.0,100.0,100.0
bigann,euclidean,robust-prune,128,10000,1000000000,571,100.0,100.0,100.0,100.0
bigann,euclidean,robust-prune,128,10000,1000000000,572,100.0,100.0,100.0,100.0
bigann,euclidean,robust-prune,128,10000,1000000000,573,100.0,100.0,100.0,100.0
bigann,euclidean,robust-prune,128,10000,1000000000,574,100.0,100.0,100.0,100.0
bigann,euclidean,robust-prune,128,10000,1000000000,575,100.0,100.0,100.0,100.0
bigann,euclidean,robust-prune,128,10000,1000000000,576,100.0,100.0,100.0,100.0
bigann,euclidean,robust-prune,128,10000,1000000000,577,100.0,100.0,100.0,100.0
bigann,euclidean,robust-prune,128,10000,1000000000,578,100.0,100.0,100.0,100.0
bigann,euclidean,robust-prune,128,10000,1000000000,579,100.0,100.0,100.0,100.0
bigann,euclidean,robust-prune,128,10000,1000000000,580,100.0,100.0,100.0,100.0
bigann,euclidean,robust-prune,128,10000,1000000000,581,100.0,100.0,100.0,100.0
bigann,euclidean,robust-prune,128,10000,1000000000,582,100.0,100.0,100.0,100.0
bigann,euclidean,robust-prune,128,10000,1000000000,583,100.0,100.0,100.0,100.0
bigann,euclidean,robust-prune,128,10000,1000000000,584,100.0,100.0,100.0,100.0
bigann,euclidean,robust-prune,128,10000,1000000000,585,100.0,100.0,100.0,100.0
bigann,euclidean,robust-prune,128,10000,1000000000,586,100.0,100.0,100.0,100.0
bigann,euclidean,robust-prune,128,10000,1000000000,587,100.0,100.0,100.0,100.0
bigann,euclidean,robust-prune,128,10000,1000000000,588,100.0,100.0,100.0,100.0
bigann,euclidean,robust-prune,128,10000,1000000000,589,100.0,100.0,100.0,100.0
bigann,euclidean,robust-prune,128,10000,1000000000,590,100.0,100.0,100.0,100.0
bigann,euclidean,robust-prune,128,10000,1000000000,591,100.0,100.0,100.0,100.0
bigann,euclidean,robust-prune,128,10000,1000000000,592,100.0,100.0,100.0,100.0
bigann,euclidean,robust-prune,128,10000,1000000000,593,100.0,100.0,100.0,100.0
bigann,euclidean,robust-prune,128,10000,1000000000,594,100.0,100.0,100.0,100.0
bigann,euclidean,robust-prune,128,10000,1000000000,595,100.0,100.0,100.0,100.0
bigann,euclidean,robust-prune,128,10000,1000000000,596,100.0,100.0,100.0,100.0
bigann,euclidean,robust-prune,128,10000,1000000000,597,100.0,100.0,100.0,100.0
bigann,euclidean,robust-prune,128,10000,1000000000,598,100.0,100.0,100.0,100.0
bigann,euclidean,robust-prune,128,10000,1000000000,599,100.0,100.0,100.0,100.0
bigann,euclidean,robust-prune,128,10000,1000000000,600,100.0,100.0,100.0,100.0
bigann,euclidean,robust-prune,128,10000,1000000000,601,100.0,100.0,100.0,100.0
bigann,euclidean,robust-prune,128,10000,1000000000,602,100.0,100.0,100.0,100.0
bigann,euclidean,robust-prune,128,10000,1000000000,603,100.0,100.0,100.0,100.0
bigann,euclidean,robust-prune,128,10000,1000000000,604,100.0,100.0,100.0,100.0
bigann,euclidean,robust-prune,128,10000,1000000000,605,100.0,100.0,100.0,100.0
bigann,euclidean,robust-prune,128,10000,1000000000,606,100.0,100.0,100.0,100.0
bigann,euclidean,robust-prune,128,10000,1000000000,607,100.0,100.0,100.0,100.0
bigann,euclidean,robust-prune,128,10000,1000000000,608,100.0,100.0,100.0,100.0
bigann,euclidean,robust-prune,128,10000,1000000000,609,100.0,100.0,100.0,100.0
bigann,euclidean,robust-prune,128,10000,1000000000,610,100.0,100.0,100.0,100.0
bigann,euclidean,robust-prune,128,10000,1000000000,611,100.0,100.0,100.0,100.0
bigann,euclidean,robust-prune,128,10000,1000000000,612,100.0,100.0,100.0,100.0
bigann,euclidean,robust-prune,128,10000,1000000000,613,100.0,100.0,100.0,100.0
bigann,euclidean,robust-prune,128,10000,1000000000,614,100.0,100.0,100.0,100.0
bigann,euclidean,robust-prune,128,10000,1000000000,615,100.0,100.0,100.0,100.0
bigann,euclidean,robust-prune,128,10000,1000000000,616,100.0,100.0,100.0,100.0
bigann,euclidean,robust-prune,128,10000,1000000000,617,100.0,100.0,100.0,100.0
bigann,euclidean,robust-prune,128,10000,1000000000,618,100.0,100.0,100.0,100.0
bigann,euclidean,robust-prune,128,10000,1000000000,619,100.0,100.0,100.0,100.0
bigann,euclidean,robust-prune,128,10000,1000000000,620,100.0,100.0,100.0,100.0
bigann,euclidean,robust-prune,128,10000,1000000000,621,100.0,100.0,100.0,100.0
bigann,euclidean,robust-prune,128,10000,1000000000,622,100.0,100.0,100.0,100.0
bigann,euclidean,robust-prune,128,10000,1000000000,623,100.0,100.0,100.0,100.0
bigann,euclidean,robust-prune,128,10000,1000000000,624,100.0,100.0,100.0,100.0
bigann,euclidean,robust-prune,128,10000,1000000000,625,100.0,100.0,100.0,100.0
bigann,euclidean,robust-prune,128,10000,1000000000,626,100.0,100.0,100.0,100.0
bigann,euclidean,robust-prune,128,10000,1000000000,627,100.0,100.0,100.0,100.0
bigann,euclidean,robust-prune,128,10000,1000000000,628,100.0,100.0,100.0,100.0
bigann,euclidean,robust-prune,128,10000,1000000000,629,100.0,100.0,100.0,100.0
bigann,euclidean,robust-prune,128,10000,1000000000,630,100.0,100.0,100.0,100.0
bigann,euclidean,robust-prune,128,10000,1000000000,631,100.0,100.0,100.0,100.0
bigann,euclidean,robust-prune,128,10000,1000000000,632,100.0,100.0,100.0,100.0
bigann,euclidean,robust-prune,128,10000,1000000000,633,100.0,100.0,100.0,100.0
bigann,euclidean,robust-prune,128,10000,1000000000,634,100.0,100.0,100.0,100.0
bigann,euclidean,robust-prune,128,10000,1000000000,635,100.0,100.0,100.0,100.0
bigann,euclidean,robust-prune,128,10000,1000000000,636,100.0,100.0,100.0,100.0
bigann,euclidean,robust-prune,128,10000,1000000000,637,100.0,100.0,100.0,100.0
bigann,euclidean,robust-prune,128,10000,1000000000,638,100.0,100.0,100.0,100.0
bigann,euclidean,robust-prune,128,10000,1000000000,639,100.0,100.0,100.0,100.0
bigann,euclidean,robust-prune,128,10000,1000000000,640,100.0,100.0,100.0,100.0
bigann,euclidean,robust-prune,128,10000,1000000000,641,100.0,100.0,100.0,100.0
bigann,euclidean,robust-prune,128,10000,1000000000,642,100.0,100.0,100.0,100.0
bigann,euclidean,robust-prune,128,10000,1000000000,643,100.0,100.0,100.0,100.0
bigann,euclidean,robust-prune,128,10000,1000000000,644,100.0,100.0,100.0,100.0
bigann,euclidean,robust-prune,128,10000,1000000000,645,100.0,100.0,100.0,100.0
bigann,euclidean,robust-prune,128,10000,1000000000,646,100.0,100.0,100.0,100.0
bigann,euclidean,robust-prune,128,10000,1000000000,647,100.0,100.0,100.0,100.0
