dataset,metric,method,dimensions,sources,total points,edges,mean points covered,median points covered,min points covered,max points covered
yandex_deep,euclidean,robust-prune,96,10000,1000000000,1,509599485.8015,511745798.0,2,869283977
yandex_deep,euclidean,robust-prune,96,10000,1000000000,2,725696291.855,737243148.0,3,956843560
yandex_deep,euclidean,robust-prune,96,10000,1000000000,3,829827948.0055,839681633.0,4,991266911
yandex_deep,euclidean,robust-prune,96,10000,1000000000,4,887123699.5345,896487296.0,5,999241057
yandex_deep,euclidean,robust-prune,96,10000,1000000000,5,921308546.3729,930065688.5,6,999667046
yandex_deep,euclidean,robust-prune,96,10000,1000000000,6,943059388.0808,950565596.0,7,999890483
yandex_deep,euclidean,robust-prune,96,10000,1000000000,7,957566320.3334,963700736.5,8,999909994
yandex_deep,euclidean,robust-prune,96,10000,1000000000,8,967556503.8476,972697559.0,9,999928775
yandex_deep,euclidean,robust-prune,96,10000,1000000000,9,974873997.809,979421391.5,10,999987075
yandex_deep,euclidean,robust-prune,96,10000,1000000000,10,980213008.0847,984091104.5,11,999998197
yandex_deep,euclidean,robust-prune,96,10000,1000000000,11,984098397.9764,987519600.5,12,999998871
yandex_deep,euclidean,robust-prune,96,10000,1000000000,12,987153865.1848,990091040.5,13,999999558
yandex_deep,euclidean,robust-prune,96,10000,1000000000,13,989491578.0561,992092584.5,14,999999736
yandex_deep,euclidean,robust-prune,96,10000,1000000000,14,991298479.0312,993635212.0,15,999999812
yandex_deep,euclidean,robust-prune,96,10000,1000000000,15,992751573.8053,994826624.5,16,999999894
yandex_deep,euclidean,robust-prune,96,10000,1000000000,16,993891592.1484,995750884.5,17,999999906
yandex_deep,euclidean,robust-prune,96,10000,1000000000,17,994838256.0148,996504883.5,18,999999970
yandex_deep,euclidean,robust-prune,96,10000,1000000000,18,995628832.8174,997101800.0,19,999999982
yandex_deep,euclidean,robust-prune,96,10000,1000000000,19,996267628.6534,997581848.0,20,999999983
yandex_deep,euclidean,robust-prune,96,10000,1000000000,20,996804964.1107,997981450.5,21,999999986
yandex_deep,euclidean,robust-prune,96,10000,1000000000,21,997239753.5956,998320243.5,22,999999992
yandex_deep,euclidean,robust-prune,96,10000,1000000000,22,997597227.0667,998581923.5,23,999999996
yandex_deep,euclidean,robust-prune,96,10000,1000000000,23,997895109.4838,998794042.5,24,999999998
yandex_deep,euclidean,robust-prune,96,10000,1000000000,24,998151814.7782,998981617.0,25,999999999
yandex_deep,euclidean,robust-prune,96,10000,1000000000,25,998366560.5779,999124898.0,26,1000000000
yandex_deep,euclidean,robust-prune,96,10000,1000000000,26,998601911.2712,999252843.0,27,1000000000
yandex_deep,euclidean,robust-prune,96,10000,1000000000,27,998778448.1134,999358014.0,28,1000000000
yandex_deep,euclidean,robust-prune,96,10000,1000000000,28,998921650.2223,999448020.5,29,1000000000
yandex_deep,euclidean,robust-prune,96,10000,1000000000,29,999040847.4525,999521172.0,30,1000000000
yandex_deep,euclidean,robust-prune,96,10000,1000000000,30,999144655.2436,999584127.5,31,1000000000
yandex_deep,euclidean,robust-prune,96,10000,1000000000,31,999232142.0943,999640313.0,32,1000000000
yandex_deep,euclidean,robust-prune,96,10000,1000000000,32,999311450.862,999689121.5,33,1000000000
yandex_deep,euclidean,robust-prune,96,10000,1000000000,33,999378582.0527,999729113.5,34,1000000000
yandex_deep,euclidean,robust-prune,96,10000,1000000000,34,999435021.7872,999762740.5,35,1000000000
yandex_deep,euclidean,robust-prune,96,10000,1000000000,35,999486190.8088,999792915.5,36,1000000000
yandex_deep,euclidean,robust-prune,96,10000,1000000000,36,999532288.0422,999819122.0,37,1000000000
yandex_deep,euclidean,robust-prune,96,10000,1000000000,37,999572312.2281,999841634.5,38,1000000000
yandex_deep,euclidean,robust-prune,96,10000,1000000000,38,999606710.8747,999862204.5,39,1000000000
yandex_deep,euclidean,robust-prune,96,10000,1000000000,39,999637853.7832,999877273.0,40,1000000000
yandex_deep,euclidean,robust-prune,96,10000,1000000000,40,999664564.2964,999891435.0,41,1000000000
yandex_deep,euclidean,robust-prune,96,10000,1000000000,41,999688109.4518,999904508.5,42,1000000000
yandex_deep,euclidean,robust-prune,96,10000,1000000000,42,999709476.1367,999916220.5,43,1000000000
yandex_deep,euclidean,robust-prune,96,10000,1000000000,43,999728865.8919,999925447.0,44,1000000000
yandex_deep,euclidean,robust-prune,96,10000,1000000000,44,999745314.2922,999933898.5,45,1000000000
yandex_deep,euclidean,robust-prune,96,10000,1000000000,45,999759668.867,999941647.0,46,1000000000
yandex_deep,euclidean,robust-prune,96,10000,1000000000,46,999772842.0881,999947925.0,47,1000000000
yandex_deep,euclidean,robust-prune,96,10000,1000000000,47,999784348.8127,999953401.0,48,1000000000
yandex_deep,euclidean,robust-prune,96,10000,1000000000,48,999795367.9114,999958532.0,49,1000000000
yandex_deep,euclidean,robust-prune,96,10000,1000000000,49,999804717.4371,999963411.0,50,1000000000
yandex_deep,euclidean,robust-prune,96,10000,1000000000,50,999814093.8999,999967046.5,51,1000000000
yandex_deep,euclidean,robust-prune,96,10000,1000000000,51,999821470.6081,999970834.5,52,1000000000
yandex_deep,euclidean,robust-prune,96,10000,1000000000,52,999827996.716,999973673.0,53,1000000000
yandex_deep,euclidean,robust-prune,96,10000,1000000000,53,999834303.7553,999976651.5,54,1000000000
yandex_deep,euclidean,robust-prune,96,10000,1000000000,54,999839766.8585,999979209.5,55,1000000000
yandex_deep,euclidean,robust-prune,96,10000,1000000000,55,999844553.4572,999981213.0,56,1000000000
yandex_deep,euclidean,robust-prune,96,10000,1000000000,56,999849199.8941,999983082.0,57,1000000000
yandex_deep,euclidean,robust-prune,96,10000,1000000000,57,999853487.469,999984861.0,58,1000000000
yandex_deep,euclidean,robust-prune,96,10000,1000000000,58,999857260.0123,999986338.5,59,1000000000
yandex_deep,euclidean,robust-prune,96,10000,1000000000,59,999860765.8771,999987759.0,60,1000000000
yandex_deep,euclidean,robust-prune,96,10000,1000000000,60,999863810.907,999988982.0,61,1000000000
yandex_deep,euclidean,robust-prune,96,10000,1000000000,61,999866659.7439,999990095.5,62,1000000000
yandex_deep,euclidean,robust-prune,96,10000,1000000000,62,999869143.2284,999991073.5,63,1000000000
yandex_deep,euclidean,robust-prune,96,10000,1000000000,63,999871331.1199,999991957.0,64,1000000000
yandex_deep,euclidean,robust-prune,96,10000,1000000000,64,999873499.7934,999992707.0,65,1000000000
yandex_deep,euclidean,robust-prune,96,10000,1000000000,65,999875350.6627,999993447.0,66,1000000000
yandex_deep,euclidean,robust-prune,96,10000,1000000000,66,999877349.0867,999994067.0,67,1000000000
yandex_deep,euclidean,robust-prune,96,10000,1000000000,67,999879094.0634,999994690.5,68,1000000000
yandex_deep,euclidean,robust-prune,96,10000,1000000000,68,999880515.1164,999995157.5,69,1000000000
yandex_deep,euclidean,robust-prune,96,10000,1000000000,69,999881912.8489,999995596.0,70,1000000000
yandex_deep,euclidean,robust-prune,96,10000,1000000000,70,999883240.8156,999996013.0,71,1000000000
yandex_deep,euclidean,robust-prune,96,10000,1000000000,71,999884495.5475,999996411.5,72,1000000000
yandex_deep,euclidean,robust-prune,96,10000,1000000000,72,999886007.3938,999996735.0,73,1000000000
yandex_deep,euclidean,robust-prune,96,10000,1000000000,73,999886975.6926,999997026.5,74,1000000000
yandex_deep,euclidean,robust-prune,96,10000,1000000000,74,999887905.9728,999997281.0,75,1000000000
yandex_deep,euclidean,robust-prune,96,10000,1000000000,75,999888701.447,999997557.5,76,1000000000
yandex_deep,euclidean,robust-prune,96,10000,1000000000,76,999889511.0529,999997788.0,77,1000000000
yandex_deep,euclidean,robust-prune,96,10000,1000000000,77,999890210.8614,999997982.0,78,1000000000
yandex_deep,euclidean,robust-prune,96,10000,1000000000,78,999890920.6352,999998151.5,79,1000000000
yandex_deep,euclidean,robust-prune,96,10000,1000000000,79,999891577.7814,999998320.0,80,1000000000
yandex_deep,euclidean,robust-prune,96,10000,1000000000,80,999892217.0071,999998454.0,81,1000000000
yandex_deep,euclidean,robust-prune,96,10000,1000000000,81,999892914.1247,999998577.0,82,1000000000
yandex_deep,euclidean,robust-prune,96,10000,1000000000,82,999893423.4988,999998713.5,83,1000000000
yandex_deep,euclidean,robust-prune,96,10000,1000000000,83,999893947.1466,999998820.0,84,1000000000
yandex_deep,euclidean,robust-prune,96,10000,1000000000,84,999894322.709,999998917.0,85,1000000000
yandex_deep,euclidean,robust-prune,96,10000,1000000000,85,999894689.5929,999999011.0,86,1000000000
yandex_deep,euclidean,robust-prune,96,10000,1000000000,86,999895035.4903,999999098.0,87,1000000000
yandex_deep,euclidean,robust-prune,96,10000,1000000000,87,999895336.7403,999999176.5,88,1000000000
yandex_deep,euclidean,robust-prune,96,10000,1000000000,88,999895626.4551,999999234.0,89,1000000000
yandex_deep,euclidean,robust-prune,96,10000,1000000000,89,999895943.6429,999999303.0,90,1000000000
yandex_deep,euclidean,robust-prune,96,10000,1000000000,90,999896188.0709,999999361.0,91,1000000000
yandex_deep,euclidean,robust-prune,96,10000,1000000000,91,999896484.6789,999999414.0,92,1000000000
yandex_deep,euclidean,robust-prune,96,10000,1000000000,92,999896839.3923,999999457.0,93,1000000000
yandex_deep,euclidean,robust-prune,96,10000,1000000000,93,999897045.8124,999999497.0,94,1000000000
yandex_deep,euclidean,robust-prune,96,10000,1000000000,94,999897226.6864,999999536.5,95,1000000000
yandex_deep,euclidean,robust-prune,96,10000,1000000000,95,999897405.6338,999999569.5,96,1000000000
yandex_deep,euclidean,robust-prune,96,10000,1000000000,96,999897573.4565,999999602.5,97,1000000000
yandex_deep,euclidean,robust-prune,96,10000,1000000000,97,999897725.6409,999999632.0,98,1000000000
yandex_deep,euclidean,robust-prune,96,10000,1000000000,98,999897879.0509,999999658.5,99,1000000000
yandex_deep,euclidean,robust-prune,96,10000,1000000000,99,999898002.8041,999999685.0,100,1000000000
yandex_deep,euclidean,robust-prune,96,10000,1000000000,100,999898112.1244,999999711.0,101,1000000000
yandex_deep,euclidean,robust-prune,96,10000,1000000000,101,999898204.9936,999999734.0,102,1000000000
yandex_deep,euclidean,robust-prune,96,10000,1000000000,102,999898306.5759,999999754.5,103,1000000000
yandex_deep,euclidean,robust-prune,96,10000,1000000000,103,999898409.4678,999999773.5,104,1000000000
yandex_deep,euclidean,robust-prune,96,10000,1000000000,104,999898529.8332,999999793.0,105,1000000000
yandex_deep,euclidean,robust-prune,96,10000,1000000000,105,999898621.8696,999999810.0,106,1000000000
yandex_deep,euclidean,robust-prune,96,10000,1000000000,106,999898687.7964,999999824.0,107,1000000000
yandex_deep,euclidean,robust-prune,96,10000,1000000000,107,999898798.3605,999999838.0,108,1000000000
yandex_deep,euclidean,robust-prune,96,10000,1000000000,108,999898874.9602,999999850.0,109,1000000000
yandex_deep,euclidean,robust-prune,96,10000,1000000000,109,999898930.5459,999999862.0,110,1000000000
yandex_deep,euclidean,robust-prune,96,10000,1000000000,110,999898975.7507,999999873.0,111,1000000000
yandex_deep,euclidean,robust-prune,96,10000,1000000000,111,999970256.3541,999999883.0,712238029,1000000000
yandex_deep,euclidean,robust-prune,96,10000,1000000000,112,999989468.0018,999999893.0,903800658,1000000000
yandex_deep,euclidean,robust-prune,96,10000,1000000000,113,999994631.974,999999900.0,954933396,1000000000
yandex_deep,euclidean,robust-prune,96,10000,1000000000,114,999997203.4156,999999908.0,980032357,1000000000
yandex_deep,euclidean,robust-prune,96,10000,1000000000,115,999998895.8989,999999914.0,996509701,1000000000
yandex_deep,euclidean,robust-prune,96,10000,1000000000,116,999999067.1873,999999922.0,997642350,1000000000
yandex_deep,euclidean,robust-prune,96,10000,1000000000,117,999999250.2236,999999929.0,999104647,1000000000
yandex_deep,euclidean,robust-prune,96,10000,1000000000,118,999999332.4576,999999935.0,999571849,1000000000
yandex_deep,euclidean,robust-prune,96,10000,1000000000,119,999999389.1398,999999940.0,999653230,1000000000
yandex_deep,euclidean,robust-prune,96,10000,1000000000,120,999999431.2391,999999945.0,999655470,1000000000
yandex_deep,euclidean,robust-prune,96,10000,1000000000,121,999999463.9401,999999949.0,999666568,1000000000
yandex_deep,euclidean,robust-prune,96,10000,1000000000,122,999999514.7704,999999954.0,999741113,1000000000
yandex_deep,euclidean,robust-prune,96,10000,1000000000,123,999999541.9137,999999959.0,999743585,1000000000
yandex_deep,euclidean,robust-prune,96,10000,1000000000,124,999999563.2041,999999963.0,999744072,1000000000
yandex_deep,euclidean,robust-prune,96,10000,1000000000,125,999999595.4714,999999967.0,999744610,1000000000
yandex_deep,euclidean,robust-prune,96,10000,1000000000,126,999999620.4226,999999970.5,999764816,1000000000
yandex_deep,euclidean,robust-prune,96,10000,1000000000,127,999999643.161,999999974.0,999770496,1000000000
yandex_deep,euclidean,robust-prune,96,10000,1000000000,128,999999662.8139,999999977.0,999770552,1000000000
yandex_deep,euclidean,robust-prune,96,10000,1000000000,129,999999679.3554,999999980.0,999792535,1000000000
yandex_deep,euclidean,robust-prune,96,10000,1000000000,130,999999701.6554,999999983.0,999809851,1000000000
yandex_deep,euclidean,robust-prune,96,10000,1000000000,131,999999720.3022,999999985.0,999811285,1000000000
yandex_deep,euclidean,robust-prune,96,10000,1000000000,132,999999734.4854,999999988.0,999816053,1000000000
yandex_deep,euclidean,robust-prune,96,10000,1000000000,133,999999747.9873,999999990.0,999816992,1000000000
yandex_deep,euclidean,robust-prune,96,10000,1000000000,134,999999759.3396,999999993.0,999817129,1000000000
yandex_deep,euclidean,robust-prune,96,10000,1000000000,135,999999768.2343,999999995.0,999818263,1000000000
yandex_deep,euclidean,robust-prune,96,10000,1000000000,136,999999780.1786,999999997.0,999820023,1000000000
yandex_deep,euclidean,robust-prune,96,10000,1000000000,137,999999790.0242,999999999.0,999820134,1000000000
yandex_deep,euclidean,robust-prune,96,10000,1000000000,138,999999797.9477,1000000000.0,999821338,1000000000
yandex_deep,euclidean,robust-prune,96,10000,1000000000,139,999999805.8135,1000000000.0,999821656,1000000000
yandex_deep,euclidean,robust-prune,96,10000,1000000000,140,999999815.502,1000000000.0,999828734,1000000000
yandex_deep,euclidean,robust-prune,96,10000,1000000000,141,999999822.6436,1000000000.0,999829312,1000000000
yandex_deep,euclidean,robust-prune,96,10000,1000000000,142,999999830.4976,1000000000.0,999829541,1000000000
yandex_deep,euclidean,robust-prune,96,10000,1000000000,143,999999842.1124,1000000000.0,999829636,1000000000
yandex_deep,euclidean,robust-prune,96,10000,1000000000,144,999999847.5701,1000000000.0,999829667,1000000000
yandex_deep,euclidean,robust-prune,96,10000,1000000000,145,999999853.9842,1000000000.0,999830206,1000000000
yandex_deep,euclidean,robust-prune,96,10000,1000000000,146,999999859.1408,1000000000.0,999831202,1000000000
yandex_deep,euclidean,robust-prune,96,10000,1000000000,147,999999867.7742,1000000000.0,999846065,1000000000
yandex_deep,euclidean,robust-prune,96,10000,1000000000,148,999999878.044,1000000000.0,999894071,1000000000
yandex_deep,euclidean,robust-prune,96,10000,1000000000,149,999999881.9284,1000000000.0,999894074,1000000000
yandex_deep,euclidean,robust-prune,96,10000,1000000000,150,999999886.2287,1000000000.0,999894397,1000000000
yandex_deep,euclidean,robust-prune,96,10000,1000000000,151,999999891.0584,1000000000.0,999894609,1000000000
yandex_deep,euclidean,robust-prune,96,10000,1000000000,152,999999895.0801,1000000000.0,999894614,1000000000
yandex_deep,euclidean,robust-prune,96,10000,1000000000,153,999999898.9984,1000000000.0,999896449,1000000000
yandex_deep,euclidean,robust-prune,96,10000,1000000000,154,999999902.1306,1000000000.0,999896479,1000000000
yandex_deep,euclidean,robust-prune,96,10000,1000000000,155,999999905.3065,1000000000.0,999896495,1000000000
yandex_deep,euclidean,robust-prune,96,10000,1000000000,156,999999908.7635,1000000000.0,999896523,1000000000
yandex_deep,euclidean,robust-prune,96,10000,1000000000,157,999999912.3053,1000000000.0,999898796,1000000000
yandex_deep,euclidean,robust-prune,96,10000,1000000000,158,999999915.2441,1000000000.0,999899122,1000000000
yandex_deep,euclidean,robust-prune,96,10000,1000000000,159,999999921.0349,1000000000.0,999931649,1000000000
yandex_deep,euclidean,robust-prune,96,10000,1000000000,160,999999923.5952,1000000000.0,999931905,1000000000
yandex_deep,euclidean,robust-prune,96,10000,1000000000,161,999999925.6052,1000000000.0,999931908,1000000000
yandex_deep,euclidean,robust-prune,96,10000,1000000000,162,999999928.1394,1000000000.0,999932816,1000000000
yandex_deep,euclidean,robust-prune,96,10000,1000000000,163,999999930.2086,1000000000.0,999932836,1000000000
yandex_deep,euclidean,robust-prune,96,10000,1000000000,164,999999932.6338,1000000000.0,999936696,1000000000
yandex_deep,euclidean,robust-prune,96,10000,1000000000,165,999999934.6614,1000000000.0,999936704,1000000000
yandex_deep,euclidean,robust-prune,96,10000,1000000000,166,999999942.9393,1000000000.0,999953768,1000000000
yandex_deep,euclidean,robust-prune,96,10000,1000000000,167,999999944.8111,1000000000.0,999953844,1000000000
yandex_deep,euclidean,robust-prune,96,10000,1000000000,168,999999946.244,1000000000.0,999953850,1000000000
yandex_deep,euclidean,robust-prune,96,10000,1000000000,169,999999949.663,1000000000.0,999954168,1000000000
yandex_deep,euclidean,robust-prune,96,10000,1000000000,170,999999951.0826,1000000000.0,999954526,1000000000
yandex_deep,euclidean,robust-prune,96,10000,1000000000,171,999999952.7527,1000000000.0,999954645,1000000000
yandex_deep,euclidean,robust-prune,96,10000,1000000000,172,999999954.1281,1000000000.0,999954664,1000000000
yandex_deep,euclidean,robust-prune,96,10000,1000000000,173,999999955.6957,1000000000.0,999955305,1000000000
yandex_deep,euclidean,robust-prune,96,10000,1000000000,174,999999957.2518,1000000000.0,999955324,1000000000
yandex_deep,euclidean,robust-prune,96,10000,1000000000,175,999999958.4974,1000000000.0,999955445,1000000000
yandex_deep,euclidean,robust-prune,96,10000,1000000000,176,999999959.6691,1000000000.0,999955455,1000000000
yandex_deep,euclidean,robust-prune,96,10000,1000000000,177,999999961.274,1000000000.0,999955669,1000000000
yandex_deep,euclidean,robust-prune,96,10000,1000000000,178,999999962.4188,1000000000.0,999956275,1000000000
yandex_deep,euclidean,robust-prune,96,10000,1000000000,179,999999963.6227,1000000000.0,999956291,1000000000
yandex_deep,euclidean,robust-prune,96,10000,1000000000,180,999999964.488,1000000000.0,999956370,1000000000
yandex_deep,euclidean,robust-prune,96,10000,1000000000,181,999999965.5309,1000000000.0,999956468,1000000000
yandex_deep,euclidean,robust-prune,96,10000,1000000000,182,999999966.8466,1000000000.0,999961567,1000000000
yandex_deep,euclidean,robust-prune,96,10000,1000000000,183,999999967.7811,1000000000.0,999962808,1000000000
yandex_deep,euclidean,robust-prune,96,10000,1000000000,184,999999968.7976,1000000000.0,999962814,1000000000
yandex_deep,euclidean,robust-prune,96,10000,1000000000,185,999999970.0243,1000000000.0,999963250,1000000000
yandex_deep,euclidean,robust-prune,96,10000,1000000000,186,999999974.3941,1000000000.0,999972692,1000000000
yandex_deep,euclidean,robust-prune,96,10000,1000000000,187,999999975.4572,1000000000.0,999973524,1000000000
yandex_deep,euclidean,robust-prune,96,10000,1000000000,188,999999976.4859,1000000000.0,999976553,1000000000
yandex_deep,euclidean,robust-prune,96,10000,1000000000,189,999999977.1011,1000000000.0,999976568,1000000000
yandex_deep,euclidean,robust-prune,96,10000,1000000000,190,999999977.6967,1000000000.0,999976629,1000000000
yandex_deep,euclidean,robust-prune,96,10000,1000000000,191,999999978.3455,1000000000.0,999976825,1000000000
yandex_deep,euclidean,robust-prune,96,10000,1000000000,192,999999979.4788,1000000000.0,999977475,1000000000
yandex_deep,euclidean,robust-prune,96,10000,1000000000,193,999999980.138,1000000000.0,999978065,1000000000
yandex_deep,euclidean,robust-prune,96,10000,1000000000,194,999999980.7185,1000000000.0,999978088,1000000000
yandex_deep,euclidean,robust-prune,96,10000,1000000000,195,999999981.3104,1000000000.0,999978158,1000000000
yandex_deep,euclidean,robust-prune,96,10000,1000000000,196,999999982.4922,1000000000.0,999981851,1000000000
yandex_deep,euclidean,robust-prune,96,10000,1000000000,197,999999983.262,1000000000.0,999981908,1000000000
yandex_deep,euclidean,robust-prune,96,10000,1000000000,198,999999983.9265,1000000000.0,999981929,1000000000
yandex_deep,euclidean,robust-prune,96,10000,1000000000,199,999999984.4054,1000000000.0,999982047,1000000000
yandex_deep,euclidean,robust-prune,96,10000,1000000000,200,999999984.8605,1000000000.0,999983012,1000000000
yandex_deep,euclidean,robust-prune,96,10000,1000000000,201,999999985.2883,1000000000.0,999983027,1000000000
yandex_deep,euclidean,robust-prune,96,10000,1000000000,202,999999985.6612,1000000000.0,999983043,1000000000
yandex_deep,euclidean,robust-prune,96,10000,1000000000,203,999999986.1598,1000000000.0,999983083,1000000000
yandex_deep,euclidean,robust-prune,96,10000,1000000000,204,999999986.5346,1000000000.0,999983087,1000000000
yandex_deep,euclidean,robust-prune,96,10000,1000000000,205,999999987.716,1000000000.0,999983330,1000000000
yandex_deep,euclidean,robust-prune,96,10000,1000000000,206,999999988.0503,1000000000.0,999983331,1000000000
yandex_deep,euclidean,robust-prune,96,10000,1000000000,207,999999988.3295,1000000000.0,999983376,1000000000
yandex_deep,euclidean,robust-prune,96,10000,1000000000,208,999999988.6944,1000000000.0,999983922,1000000000
yandex_deep,euclidean,robust-prune,96,10000,1000000000,209,999999988.9997,1000000000.0,999983924,1000000000
yandex_deep,euclidean,robust-prune,96,10000,1000000000,210,999999989.2816,1000000000.0,999983928,1000000000
yandex_deep,euclidean,robust-prune,96,10000,1000000000,211,999999989.5868,1000000000.0,999984158,1000000000
yandex_deep,euclidean,robust-prune,96,10000,1000000000,212,999999989.8183,1000000000.0,999984169,1000000000
yandex_deep,euclidean,robust-prune,96,10000,1000000000,213,999999991.6108,1000000000.0,999997035,1000000000
yandex_deep,euclidean,robust-prune,96,10000,1000000000,214,999999991.8794,1000000000.0,999997049,1000000000
yandex_deep,euclidean,robust-prune,96,10000,1000000000,215,999999992.1989,1000000000.0,999997062,1000000000
yandex_deep,euclidean,robust-prune,96,10000,1000000000,216,999999992.5039,1000000000.0,999997156,1000000000
yandex_deep,euclidean,robust-prune,96,10000,1000000000,217,999999992.7613,1000000000.0,999997222,1000000000
yandex_deep,euclidean,robust-prune,96,10000,1000000000,218,999999992.9962,1000000000.0,999997235,1000000000
yandex_deep,euclidean,robust-prune,96,10000,1000000000,219,999999993.2366,1000000000.0,999997250,1000000000
yandex_deep,euclidean,robust-prune,96,10000,1000000000,220,999999993.5136,1000000000.0,999997251,1000000000
yandex_deep,euclidean,robust-prune,96,10000,1000000000,221,999999993.7609,1000000000.0,999997815,1000000000
yandex_deep,euclidean,robust-prune,96,10000,1000000000,222,999999993.9371,1000000000.0,999997828,1000000000
yandex_deep,euclidean,robust-prune,96,10000,1000000000,223,999999994.121,1000000000.0,999997832,1000000000
yandex_deep,euclidean,robust-prune,96,10000,1000000000,224,999999994.3007,1000000000.0,999997837,1000000000
yandex_deep,euclidean,robust-prune,96,10000,1000000000,225,999999994.4876,1000000000.0,999997854,1000000000
yandex_deep,euclidean,robust-prune,96,10000,1000000000,226,999999994.6574,1000000000.0,999997872,1000000000
yandex_deep,euclidean,robust-prune,96,10000,1000000000,227,999999994.821,1000000000.0,999997875,1000000000
yandex_deep,euclidean,robust-prune,96,10000,1000000000,228,999999995.0093,1000000000.0,999998268,1000000000
yandex_deep,euclidean,robust-prune,96,10000,1000000000,229,999999995.1553,1000000000.0,999998278,1000000000
yandex_deep,euclidean,robust-prune,96,10000,1000000000,230,999999995.301,1000000000.0,999998294,1000000000
yandex_deep,euclidean,robust-prune,96,10000,1000000000,231,999999995.4357,1000000000.0,999998315,1000000000
yandex_deep,euclidean,robust-prune,96,10000,1000000000,232,999999995.5907,1000000000.0,999998316,1000000000
yandex_deep,euclidean,robust-prune,96,10000,1000000000,233,999999995.7142,1000000000.0,999998319,1000000000
yandex_deep,euclidean,robust-prune,96,10000,1000000000,234,999999995.8426,1000000000.0,999998322,1000000000
yandex_deep,euclidean,robust-prune,96,10000,1000000000,235,999999995.96,1000000000.0,999998325,1000000000
yandex_deep,euclidean,robust-prune,96,10000,1000000000,236,999999996.0805,1000000000.0,999998342,1000000000
yandex_deep,euclidean,robust-prune,96,10000,1000000000,237,999999996.1924,1000000000.0,999998427,1000000000
yandex_deep,euclidean,robust-prune,96,10000,1000000000,238,999999996.2953,1000000000.0,999998430,1000000000
yandex_deep,euclidean,robust-prune,96,10000,1000000000,239,999999996.408,1000000000.0,999998452,1000000000
yandex_deep,euclidean,robust-prune,96,10000,1000000000,240,999999996.512,1000000000.0,999998458,1000000000
yandex_deep,euclidean,robust-prune,96,10000,1000000000,241,999999996.6151,1000000000.0,999998516,1000000000
yandex_deep,euclidean,robust-prune,96,10000,1000000000,242,999999996.708,1000000000.0,999998543,1000000000
yandex_deep,euclidean,robust-prune,96,10000,1000000000,243,999999996.796,1000000000.0,999998545,1000000000
yandex_deep,euclidean,robust-prune,96,10000,1000000000,244,999999996.8861,1000000000.0,999998551,1000000000
yandex_deep,euclidean,robust-prune,96,10000,1000000000,245,999999996.9686,1000000000.0,999998553,1000000000
yandex_deep,euclidean,robust-prune,96,10000,1000000000,246,999999997.0495,1000000000.0,999998573,1000000000
yandex_deep,euclidean,robust-prune,96,10000,1000000000,247,999999997.134,1000000000.0,999998598,1000000000
yandex_deep,euclidean,robust-prune,96,10000,1000000000,248,999999997.2096,1000000000.0,999998603,1000000000
yandex_deep,euclidean,robust-prune,96,10000,1000000000,249,999999997.2895,1000000000.0,999998604,1000000000
yandex_deep,euclidean,robust-prune,96,10000,1000000000,250,999999997.3664,1000000000.0,999998606,1000000000
yandex_deep,euclidean,robust-prune,96,10000,1000000000,251,999999997.4427,1000000000.0,999998607,1000000000
yandex_deep,euclidean,robust-prune,96,10000,1000000000,252,999999997.5142,1000000000.0,999998613,1000000000
yandex_deep,euclidean,robust-prune,96,10000,1000000000,253,999999997.5822,1000000000.0,999998624,1000000000
yandex_deep,euclidean,robust-prune,96,10000,1000000000,254,999999997.6455,1000000000.0,999998627,1000000000
yandex_deep,euclidean,robust-prune,96,10000,1000000000,255,999999997.7076,1000000000.0,999998628,1000000000
yandex_deep,euclidean,robust-prune,96,10000,1000000000,256,999999997.7666,1000000000.0,999998630,1000000000
yandex_deep,euclidean,robust-prune,96,10000,1000000000,257,999999997.8447,1000000000.0,999998681,1000000000
yandex_deep,euclidean,robust-prune,96,10000,1000000000,258,999999997.9031,1000000000.0,999998686,1000000000
yandex_deep,euclidean,robust-prune,96,10000,1000000000,259,999999997.9583,1000000000.0,999998692,1000000000
yandex_deep,euclidean,robust-prune,96,10000,1000000000,260,999999998.0093,1000000000.0,999998707,1000000000
yandex_deep,euclidean,robust-prune,96,10000,1000000000,261,999999998.074,1000000000.0,999998722,1000000000
yandex_deep,euclidean,robust-prune,96,10000,1000000000,262,999999998.1276,1000000000.0,999998743,1000000000
yandex_deep,euclidean,robust-prune,96,10000,1000000000,263,999999998.1777,1000000000.0,999998749,1000000000
yandex_deep,euclidean,robust-prune,96,10000,1000000000,264,999999998.2273,1000000000.0,999998752,1000000000
yandex_deep,euclidean,robust-prune,96,10000,1000000000,265,999999998.2709,1000000000.0,999998754,1000000000
yandex_deep,euclidean,robust-prune,96,10000,1000000000,266,999999998.3241,1000000000.0,999998830,1000000000
yandex_deep,euclidean,robust-prune,96,10000,1000000000,267,999999998.3687,1000000000.0,999998833,1000000000
yandex_deep,euclidean,robust-prune,96,10000,1000000000,268,999999998.4104,1000000000.0,999998850,1000000000
yandex_deep,euclidean,robust-prune,96,10000,1000000000,269,999999998.4509,1000000000.0,999998852,1000000000
yandex_deep,euclidean,robust-prune,96,10000,1000000000,270,999999998.4954,1000000000.0,999998857,1000000000
yandex_deep,euclidean,robust-prune,96,10000,1000000000,271,999999998.535,1000000000.0,999998859,1000000000
yandex_deep,euclidean,robust-prune,96,10000,1000000000,272,999999998.5739,1000000000.0,999998860,1000000000
yandex_deep,euclidean,robust-prune,96,10000,1000000000,273,999999998.6143,1000000000.0,999998880,1000000000
yandex_deep,euclidean,robust-prune,96,10000,1000000000,274,999999998.6531,1000000000.0,999998882,1000000000
yandex_deep,euclidean,robust-prune,96,10000,1000000000,275,999999998.6864,1000000000.0,999998883,1000000000
yandex_deep,euclidean,robust-prune,96,10000,1000000000,276,999999998.7504,1000000000.0,999998886,1000000000
yandex_deep,euclidean,robust-prune,96,10000,1000000000,277,999999998.7841,1000000000.0,999998889,1000000000
yandex_deep,euclidean,robust-prune,96,10000,1000000000,278,999999998.8153,1000000000.0,999998891,1000000000
yandex_deep,euclidean,robust-prune,96,10000,1000000000,279,999999998.8606,1000000000.0,999998974,1000000000
yandex_deep,euclidean,robust-prune,96,10000,1000000000,280,999999998.8929,1000000000.0,999998975,1000000000
yandex_deep,euclidean,robust-prune,96,10000,1000000000,281,999999998.9253,1000000000.0,999998976,1000000000
yandex_deep,euclidean,robust-prune,96,10000,1000000000,282,999999998.9573,1000000000.0,999999004,1000000000
yandex_deep,euclidean,robust-prune,96,10000,1000000000,283,999999998.9851,1000000000.0,999999011,1000000000
yandex_deep,euclidean,robust-prune,96,10000,1000000000,284,999999999.0119,1000000000.0,999999015,1000000000
yandex_deep,euclidean,robust-prune,96,10000,1000000000,285,999999999.0401,1000000000.0,999999023,1000000000
yandex_deep,euclidean,robust-prune,96,10000,1000000000,286,999999999.0656,1000000000.0,999999027,1000000000
yandex_deep,euclidean,robust-prune,96,10000,1000000000,287,999999999.0878,1000000000.0,999999028,1000000000
yandex_deep,euclidean,robust-prune,96,10000,1000000000,288,999999999.1142,1000000000.0,999999031,1000000000
yandex_deep,euclidean,robust-prune,96,10000,1000000000,289,999999999.1371,1000000000.0,999999032,1000000000
yandex_deep,euclidean,robust-prune,96,10000,1000000000,290,999999999.1587,1000000000.0,999999033,1000000000
yandex_deep,euclidean,robust-prune,96,10000,1000000000,291,999999999.1794,1000000000.0,999999036,1000000000
yandex_deep,euclidean,robust-prune,96,10000,1000000000,292,999999999.2,1000000000.0,999999038,1000000000
yandex_deep,euclidean,robust-prune,96,10000,1000000000,293,999999999.2209,1000000000.0,999999048,1000000000
yandex_deep,euclidean,robust-prune,96,10000,1000000000,294,999999999.2408,1000000000.0,999999049,1000000000
yandex_deep,euclidean,robust-prune,96,10000,1000000000,295,999999999.2624,1000000000.0,999999097,1000000000
yandex_deep,euclidean,robust-prune,96,10000,1000000000,296,999999999.2795,1000000000.0,999999101,1000000000
yandex_deep,euclidean,robust-prune,96,10000,1000000000,297,999999999.2975,1000000000.0,999999104,1000000000
yandex_deep,euclidean,robust-prune,96,10000,1000000000,298,999999999.3128,1000000000.0,999999105,1000000000
yandex_deep,euclidean,robust-prune,96,10000,1000000000,299,999999999.3345,1000000000.0,999999148,1000000000
yandex_deep,euclidean,robust-prune,96,10000,1000000000,300,999999999.3506,1000000000.0,999999156,1000000000
yandex_deep,euclidean,robust-prune,96,10000,1000000000,301,999999999.3661,1000000000.0,999999159,1000000000
yandex_deep,euclidean,robust-prune,96,10000,1000000000,302,999999999.3834,1000000000.0,999999181,1000000000
yandex_deep,euclidean,robust-prune,96,10000,1000000000,303,999999999.4006,1000000000.0,999999217,1000000000
yandex_deep,euclidean,robust-prune,96,10000,1000000000,304,999999999.4141,1000000000.0,999999218,1000000000
yandex_deep,euclidean,robust-prune,96,10000,1000000000,305,999999999.4281,1000000000.0,999999227,1000000000
yandex_deep,euclidean,robust-prune,96,10000,1000000000,306,999999999.4403,1000000000.0,999999229,1000000000
yandex_deep,euclidean,robust-prune,96,10000,1000000000,307,999999999.4519,1000000000.0,999999235,1000000000
yandex_deep,euclidean,robust-prune,96,10000,1000000000,308,999999999.5109,1000000000.0,999999533,1000000000
yandex_deep,euclidean,robust-prune,96,10000,1000000000,309,999999999.5233,1000000000.0,999999539,1000000000
yandex_deep,euclidean,robust-prune,96,10000,1000000000,310,999999999.5344,1000000000.0,999999543,1000000000
yandex_deep,euclidean,robust-prune,96,10000,1000000000,311,999999999.5455,1000000000.0,999999544,1000000000
yandex_deep,euclidean,robust-prune,96,10000,1000000000,312,999999999.5562,1000000000.0,999999546,1000000000
yandex_deep,euclidean,robust-prune,96,10000,1000000000,313,999999999.5662,1000000000.0,999999549,1000000000
yandex_deep,euclidean,robust-prune,96,10000,1000000000,314,999999999.5774,1000000000.0,999999550,1000000000
yandex_deep,euclidean,robust-prune,96,10000,1000000000,315,999999999.5877,1000000000.0,999999553,1000000000
yandex_deep,euclidean,robust-prune,96,10000,1000000000,316,999999999.5974,1000000000.0,999999556,1000000000
yandex_deep,euclidean,robust-prune,96,10000,1000000000,317,999999999.6071,1000000000.0,999999558,1000000000
yandex_deep,euclidean,robust-prune,96,10000,1000000000,318,999999999.6161,1000000000.0,999999563,1000000000
yandex_deep,euclidean,robust-prune,96,10000,1000000000,319,999999999.6254,1000000000.0,999999567,1000000000
yandex_deep,euclidean,robust-prune,96,10000,1000000000,320,999999999.6338,1000000000.0,999999571,1000000000
yandex_deep,euclidean,robust-prune,96,10000,1000000000,321,999999999.6417,1000000000.0,999999574,1000000000
yandex_deep,euclidean,robust-prune,96,10000,1000000000,322,999999999.6507,1000000000.0,999999578,1000000000
yandex_deep,euclidean,robust-prune,96,10000,1000000000,323,999999999.6667,1000000000.0,999999580,1000000000
yandex_deep,euclidean,robust-prune,96,10000,1000000000,324,999999999.6749,1000000000.0,999999582,1000000000
yandex_deep,euclidean,robust-prune,96,10000,1000000000,325,999999999.6824,1000000000.0,999999587,1000000000
yandex_deep,euclidean,robust-prune,96,10000,1000000000,326,999999999.6902,1000000000.0,999999588,1000000000
yandex_deep,euclidean,robust-prune,96,10000,1000000000,327,999999999.6984,1000000000.0,999999591,1000000000
yandex_deep,euclidean,robust-prune,96,10000,1000000000,328,999999999.7061,1000000000.0,999999594,1000000000
yandex_deep,euclidean,robust-prune,96,10000,1000000000,329,999999999.7127,1000000000.0,999999600,1000000000
yandex_deep,euclidean,robust-prune,96,10000,1000000000,330,999999999.7189,1000000000.0,999999601,1000000000
yandex_deep,euclidean,robust-prune,96,10000,1000000000,331,999999999.7338,1000000000.0,999999606,1000000000
yandex_deep,euclidean,robust-prune,96,10000,1000000000,332,999999999.7403,1000000000.0,999999612,1000000000
yandex_deep,euclidean,robust-prune,96,10000,1000000000,333,999999999.7459,1000000000.0,999999613,1000000000
yandex_deep,euclidean,robust-prune,96,10000,1000000000,334,999999999.7526,1000000000.0,999999618,1000000000
yandex_deep,euclidean,robust-prune,96,10000,1000000000,335,999999999.7589,1000000000.0,999999620,1000000000
yandex_deep,euclidean,robust-prune,96,10000,1000000000,336,999999999.7645,1000000000.0,999999621,1000000000
yandex_deep,euclidean,robust-prune,96,10000,1000000000,337,999999999.7707,1000000000.0,999999622,1000000000
yandex_deep,euclidean,robust-prune,96,10000,1000000000,338,999999999.7756,1000000000.0,999999625,1000000000
yandex_deep,euclidean,robust-prune,96,10000,1000000000,339,999999999.7812,1000000000.0,999999626,1000000000
yandex_deep,euclidean,robust-prune,96,10000,1000000000,340,999999999.7865,1000000000.0,999999628,1000000000
yandex_deep,euclidean,robust-prune,96,10000,1000000000,341,999999999.7917,1000000000.0,999999639,1000000000
yandex_deep,euclidean,robust-prune,96,10000,1000000000,342,999999999.7969,1000000000.0,999999642,1000000000
yandex_deep,euclidean,robust-prune,96,10000,1000000000,343,999999999.8027,1000000000.0,999999646,1000000000
yandex_deep,euclidean,robust-prune,96,10000,1000000000,344,999999999.8071,1000000000.0,999999648,1000000000
yandex_deep,euclidean,robust-prune,96,10000,1000000000,345,999999999.8122,1000000000.0,999999654,1000000000
yandex_deep,euclidean,robust-prune,96,10000,1000000000,346,999999999.816,1000000000.0,999999656,1000000000
yandex_deep,euclidean,robust-prune,96,10000,1000000000,347,999999999.8197,1000000000.0,999999658,1000000000
yandex_deep,euclidean,robust-prune,96,10000,1000000000,348,999999999.8242,1000000000.0,999999660,1000000000
yandex_deep,euclidean,robust-prune,96,10000,1000000000,349,999999999.828,1000000000.0,999999663,1000000000
yandex_deep,euclidean,robust-prune,96,10000,1000000000,350,999999999.8313,1000000000.0,999999664,1000000000
yandex_deep,euclidean,robust-prune,96,10000,1000000000,351,999999999.8348,1000000000.0,999999667,1000000000
yandex_deep,euclidean,robust-prune,96,10000,1000000000,352,999999999.8387,1000000000.0,999999671,1000000000
yandex_deep,euclidean,robust-prune,96,10000,1000000000,353,999999999.8415,1000000000.0,999999674,1000000000
yandex_deep,euclidean,robust-prune,96,10000,1000000000,354,999999999.8446,1000000000.0,999999675,1000000000
yandex_deep,euclidean,robust-prune,96,10000,1000000000,355,999999999.8475,1000000000.0,999999677,1000000000
yandex_deep,euclidean,robust-prune,96,10000,1000000000,356,999999999.8507,1000000000.0,999999682,1000000000
yandex_deep,euclidean,robust-prune,96,10000,1000000000,357,999999999.8533,1000000000.0,999999684,1000000000
yandex_deep,euclidean,robust-prune,96,10000,1000000000,358,999999999.8563,1000000000.0,999999688,1000000000
yandex_deep,euclidean,robust-prune,96,10000,1000000000,359,999999999.8594,1000000000.0,999999689,1000000000
yandex_deep,euclidean,robust-prune,96,10000,1000000000,360,999999999.8618,1000000000.0,999999690,1000000000
yandex_deep,euclidean,robust-prune,96,10000,1000000000,361,999999999.8641,1000000000.0,999999693,1000000000
yandex_deep,euclidean,robust-prune,96,10000,1000000000,362,999999999.8669,1000000000.0,999999698,1000000000
yandex_deep,euclidean,robust-prune,96,10000,1000000000,363,999999999.8695,1000000000.0,999999704,1000000000
yandex_deep,euclidean,robust-prune,96,10000,1000000000,364,999999999.872,1000000000.0,999999708,1000000000
yandex_deep,euclidean,robust-prune,96,10000,1000000000,365,999999999.8739,1000000000.0,999999710,1000000000
yandex_deep,euclidean,robust-prune,96,10000,1000000000,366,999999999.8758,1000000000.0,999999713,1000000000
yandex_deep,euclidean,robust-prune,96,10000,1000000000,367,999999999.8776,1000000000.0,999999715,1000000000
yandex_deep,euclidean,robust-prune,96,10000,1000000000,368,999999999.8797,1000000000.0,999999716,1000000000
yandex_deep,euclidean,robust-prune,96,10000,1000000000,369,999999999.8818,1000000000.0,999999720,1000000000
yandex_deep,euclidean,robust-prune,96,10000,1000000000,370,999999999.8837,1000000000.0,999999724,1000000000
yandex_deep,euclidean,robust-prune,96,10000,1000000000,371,999999999.8855,1000000000.0,999999725,1000000000
yandex_deep,euclidean,robust-prune,96,10000,1000000000,372,999999999.8873,1000000000.0,999999726,1000000000
yandex_deep,euclidean,robust-prune,96,10000,1000000000,373,999999999.8894,1000000000.0,999999728,1000000000
yandex_deep,euclidean,robust-prune,96,10000,1000000000,374,999999999.8912,1000000000.0,999999729,1000000000
yandex_deep,euclidean,robust-prune,96,10000,1000000000,375,999999999.8933,1000000000.0,999999730,1000000000
yandex_deep,euclidean,robust-prune,96,10000,1000000000,376,999999999.8951,1000000000.0,999999732,1000000000
yandex_deep,euclidean,robust-prune,96,10000,1000000000,377,999999999.8972,1000000000.0,999999735,1000000000
yandex_deep,euclidean,robust-prune,96,10000,1000000000,378,999999999.8985,1000000000.0,999999736,1000000000
yandex_deep,euclidean,robust-prune,96,10000,1000000000,379,999999999.8997,1000000000.0,999999738,1000000000
yandex_deep,euclidean,robust-prune,96,10000,1000000000,380,999999999.901,1000000000.0,999999739,1000000000
yandex_deep,euclidean,robust-prune,96,10000,1000000000,381,999999999.9024,1000000000.0,999999742,1000000000
yandex_deep,euclidean,robust-prune,96,10000,1000000000,382,999999999.9039,1000000000.0,999999743,1000000000
yandex_deep,euclidean,robust-prune,96,10000,1000000000,383,999999999.9053,1000000000.0,999999744,1000000000
yandex_deep,euclidean,robust-prune,96,10000,1000000000,384,999999999.907,1000000000.0,999999746,1000000000
yandex_deep,euclidean,robust-prune,96,10000,1000000000,385,999999999.9086,1000000000.0,999999747,1000000000
yandex_deep,euclidean,robust-prune,96,10000,1000000000,386,999999999.91,1000000000.0,999999750,1000000000
yandex_deep,euclidean,robust-prune,96,10000,1000000000,387,999999999.9112,1000000000.0,999999752,1000000000
yandex_deep,euclidean,robust-prune,96,10000,1000000000,388,999999999.9126,1000000000.0,999999754,1000000000
yandex_deep,euclidean,robust-prune,96,10000,1000000000,389,999999999.9141,1000000000.0,999999757,1000000000
yandex_deep,euclidean,robust-prune,96,10000,1000000000,390,999999999.9156,1000000000.0,999999760,1000000000
yandex_deep,euclidean,robust-prune,96,10000,1000000000,391,999999999.917,1000000000.0,999999766,1000000000
yandex_deep,euclidean,robust-prune,96,10000,1000000000,392,999999999.9181,1000000000.0,999999771,1000000000
yandex_deep,euclidean,robust-prune,96,10000,1000000000,393,999999999.9191,1000000000.0,999999773,1000000000
yandex_deep,euclidean,robust-prune,96,10000,1000000000,394,999999999.9199,1000000000.0,999999775,1000000000
yandex_deep,euclidean,robust-prune,96,10000,1000000000,395,999999999.9212,1000000000.0,999999776,1000000000
yandex_deep,euclidean,robust-prune,96,10000,1000000000,396,999999999.9224,1000000000.0,999999778,1000000000
yandex_deep,euclidean,robust-prune,96,10000,1000000000,397,999999999.9235,1000000000.0,999999780,1000000000
yandex_deep,euclidean,robust-prune,96,10000,1000000000,398,999999999.9244,1000000000.0,999999781,1000000000
yandex_deep,euclidean,robust-prune,96,10000,1000000000,399,999999999.9254,1000000000.0,999999782,1000000000
yandex_deep,euclidean,robust-prune,96,10000,1000000000,400,999999999.9263,1000000000.0,999999784,1000000000
yandex_deep,euclidean,robust-prune,96,10000,1000000000,401,999999999.927,1000000000.0,999999785,1000000000
yandex_deep,euclidean,robust-prune,96,10000,1000000000,402,999999999.9278,1000000000.0,999999787,1000000000
yandex_deep,euclidean,robust-prune,96,10000,1000000000,403,999999999.9284,1000000000.0,999999788,1000000000
yandex_deep,euclidean,robust-prune,96,10000,1000000000,404,999999999.9292,1000000000.0,999999791,1000000000
yandex_deep,euclidean,robust-prune,96,10000,1000000000,405,999999999.9299,1000000000.0,999999792,1000000000
yandex_deep,euclidean,robust-prune,96,10000,1000000000,406,999999999.9314,1000000000.0,999999799,1000000000
yandex_deep,euclidean,robust-prune,96,10000,1000000000,407,999999999.9321,1000000000.0,999999800,1000000000
yandex_deep,euclidean,robust-prune,96,10000,1000000000,408,999999999.9331,1000000000.0,999999801,1000000000
yandex_deep,euclidean,robust-prune,96,10000,1000000000,409,999999999.9341,1000000000.0,999999803,1000000000
yandex_deep,euclidean,robust-prune,96,10000,1000000000,410,999999999.9353,1000000000.0,999999805,1000000000
yandex_deep,euclidean,robust-prune,96,10000,1000000000,411,999999999.936,1000000000.0,999999807,1000000000
yandex_deep,euclidean,robust-prune,96,10000,1000000000,412,999999999.937,1000000000.0,999999808,1000000000
yandex_deep,euclidean,robust-prune,96,10000,1000000000,413,999999999.9379,1000000000.0,999999810,1000000000
yandex_deep,euclidean,robust-prune,96,10000,1000000000,414,999999999.9384,1000000000.0,999999811,1000000000
yandex_deep,euclidean,robust-prune,96,10000,1000000000,415,999999999.9391,1000000000.0,999999814,1000000000
yandex_deep,euclidean,robust-prune,96,10000,1000000000,416,999999999.9398,1000000000.0,999999815,1000000000
yandex_deep,euclidean,robust-prune,96,10000,1000000000,417,999999999.9408,1000000000.0,999999819,1000000000
yandex_deep,euclidean,robust-prune,96,10000,1000000000,418,999999999.9415,1000000000.0,999999821,1000000000
yandex_deep,euclidean,robust-prune,96,10000,1000000000,419,999999999.9422,1000000000.0,999999822,1000000000
yandex_deep,euclidean,robust-prune,96,10000,1000000000,420,999999999.9427,1000000000.0,999999823,1000000000
yandex_deep,euclidean,robust-prune,96,10000,1000000000,421,999999999.9433,1000000000.0,999999825,1000000000
yandex_deep,euclidean,robust-prune,96,10000,1000000000,422,999999999.9442,1000000000.0,999999828,1000000000
yandex_deep,euclidean,robust-prune,96,10000,1000000000,423,999999999.9451,1000000000.0,999999830,1000000000
yandex_deep,euclidean,robust-prune,96,10000,1000000000,424,999999999.9458,1000000000.0,999999831,1000000000
yandex_deep,euclidean,robust-prune,96,10000,1000000000,425,999999999.9468,1000000000.0,999999835,1000000000
yandex_deep,euclidean,robust-prune,96,10000,1000000000,426,999999999.9473,1000000000.0,999999836,1000000000
yandex_deep,euclidean,robust-prune,96,10000,1000000000,427,999999999.9479,1000000000.0,999999837,1000000000
yandex_deep,euclidean,robust-prune,96,10000,1000000000,428,999999999.9487,1000000000.0,999999839,1000000000
yandex_deep,euclidean,robust-prune,96,10000,1000000000,429,999999999.9494,1000000000.0,999999842,1000000000
yandex_deep,euclidean,robust-prune,96,10000,1000000000,430,999999999.9503,1000000000.0,999999843,1000000000
yandex_deep,euclidean,robust-prune,96,10000,1000000000,431,999999999.9508,1000000000.0,999999844,1000000000
yandex_deep,euclidean,robust-prune,96,10000,1000000000,432,999999999.9513,1000000000.0,999999845,1000000000
yandex_deep,euclidean,robust-prune,96,10000,1000000000,433,999999999.9519,1000000000.0,999999846,1000000000
yandex_deep,euclidean,robust-prune,96,10000,1000000000,434,999999999.9525,1000000000.0,999999847,1000000000
yandex_deep,euclidean,robust-prune,96,10000,1000000000,435,999999999.953,1000000000.0,999999848,1000000000
yandex_deep,euclidean,robust-prune,96,10000,1000000000,436,999999999.9535,1000000000.0,999999849,1000000000
yandex_deep,euclidean,robust-prune,96,10000,1000000000,437,999999999.9541,1000000000.0,999999850,1000000000
yandex_deep,euclidean,robust-prune,96,10000,1000000000,438,999999999.9548,1000000000.0,999999851,1000000000
yandex_deep,euclidean,robust-prune,96,10000,1000000000,439,999999999.9554,1000000000.0,999999852,1000000000
yandex_deep,euclidean,robust-prune,96,10000,1000000000,440,999999999.9559,1000000000.0,999999853,1000000000
yandex_deep,euclidean,robust-prune,96,10000,1000000000,441,999999999.9569,1000000000.0,999999857,1000000000
yandex_deep,euclidean,robust-prune,96,10000,1000000000,442,999999999.9574,1000000000.0,999999858,1000000000
yandex_deep,euclidean,robust-prune,96,10000,1000000000,443,999999999.9579,1000000000.0,999999859,1000000000
yandex_deep,euclidean,robust-prune,96,10000,1000000000,444,999999999.9585,1000000000.0,999999861,1000000000
yandex_deep,euclidean,robust-prune,96,10000,1000000000,445,999999999.9592,1000000000.0,999999862,1000000000
yandex_deep,euclidean,robust-prune,96,10000,1000000000,446,999999999.9599,1000000000.0,999999865,1000000000
yandex_deep,euclidean,robust-prune,96,10000,1000000000,447,999999999.9605,1000000000.0,999999866,1000000000
yandex_deep,euclidean,robust-prune,96,10000,1000000000,448,999999999.9612,1000000000.0,999999867,1000000000
yandex_deep,euclidean,robust-prune,96,10000,1000000000,449,999999999.9618,1000000000.0,999999869,1000000000
yandex_deep,euclidean,robust-prune,96,10000,1000000000,450,999999999.9625,1000000000.0,999999871,1000000000
yandex_deep,euclidean,robust-prune,96,10000,1000000000,451,999999999.963,1000000000.0,999999872,1000000000
yandex_deep,euclidean,robust-prune,96,10000,1000000000,452,999999999.9634,1000000000.0,999999873,1000000000
yandex_deep,euclidean,robust-prune,96,10000,1000000000,453,999999999.9643,1000000000.0,999999875,1000000000
yandex_deep,euclidean,robust-prune,96,10000,1000000000,454,999999999.9648,1000000000.0,999999876,1000000000
yandex_deep,euclidean,robust-prune,96,10000,1000000000,455,999999999.9655,1000000000.0,999999877,1000000000
yandex_deep,euclidean,robust-prune,96,10000,1000000000,456,999999999.966,1000000000.0,999999878,1000000000
yandex_deep,euclidean,robust-prune,96,10000,1000000000,457,999999999.9665,1000000000.0,999999879,1000000000
yandex_deep,euclidean,robust-prune,96,10000,1000000000,458,999999999.9669,1000000000.0,999999880,1000000000
yandex_deep,euclidean,robust-prune,96,10000,1000000000,459,999999999.9674,1000000000.0,999999881,1000000000
yandex_deep,euclidean,robust-prune,96,10000,1000000000,460,999999999.9678,1000000000.0,999999882,1000000000
yandex_deep,euclidean,robust-prune,96,10000,1000000000,461,999999999.9683,1000000000.0,999999884,1000000000
yandex_deep,euclidean,robust-prune,96,10000,1000000000,462,999999999.9687,1000000000.0,999999885,1000000000
yandex_deep,euclidean,robust-prune,96,10000,1000000000,463,999999999.9691,1000000000.0,999999886,1000000000
yandex_deep,euclidean,robust-prune,96,10000,1000000000,464,999999999.9695,1000000000.0,999999887,1000000000
yandex_deep,euclidean,robust-prune,96,10000,1000000000,465,999999999.9699,1000000000.0,999999888,1000000000
yandex_deep,euclidean,robust-prune,96,10000,1000000000,466,999999999.9702,1000000000.0,999999889,1000000000
yandex_deep,euclidean,robust-prune,96,10000,1000000000,467,999999999.9706,1000000000.0,999999890,1000000000
yandex_deep,euclidean,robust-prune,96,10000,1000000000,468,999999999.9709,1000000000.0,999999891,1000000000
yandex_deep,euclidean,robust-prune,96,10000,1000000000,469,999999999.9712,1000000000.0,999999892,1000000000
yandex_deep,euclidean,robust-prune,96,10000,1000000000,470,999999999.9715,1000000000.0,999999893,1000000000
yandex_deep,euclidean,robust-prune,96,10000,1000000000,471,999999999.9719,1000000000.0,999999894,1000000000
yandex_deep,euclidean,robust-prune,96,10000,1000000000,472,999999999.9722,1000000000.0,999999895,1000000000
yandex_deep,euclidean,robust-prune,96,10000,1000000000,473,999999999.9726,1000000000.0,999999897,1000000000
yandex_deep,euclidean,robust-prune,96,10000,1000000000,474,999999999.9731,1000000000.0,999999899,1000000000
yandex_deep,euclidean,robust-prune,96,10000,1000000000,475,999999999.9734,1000000000.0,999999900,1000000000
yandex_deep,euclidean,robust-prune,96,10000,1000000000,476,999999999.9737,1000000000.0,999999901,1000000000
yandex_deep,euclidean,robust-prune,96,10000,1000000000,477,999999999.974,1000000000.0,999999902,1000000000
yandex_deep,euclidean,robust-prune,96,10000,1000000000,478,999999999.9745,1000000000.0,999999905,1000000000
yandex_deep,euclidean,robust-prune,96,10000,1000000000,479,999999999.9748,1000000000.0,999999906,1000000000
yandex_deep,euclidean,robust-prune,96,10000,1000000000,480,999999999.9753,1000000000.0,999999909,1000000000
yandex_deep,euclidean,robust-prune,96,10000,1000000000,481,999999999.9756,1000000000.0,999999910,1000000000
yandex_deep,euclidean,robust-prune,96,10000,1000000000,482,999999999.9761,1000000000.0,999999912,1000000000
yandex_deep,euclidean,robust-prune,96,10000,1000000000,483,999999999.9764,1000000000.0,999999913,1000000000
yandex_deep,euclidean,robust-prune,96,10000,1000000000,484,999999999.9768,1000000000.0,999999914,1000000000
yandex_deep,euclidean,robust-prune,96,10000,1000000000,485,999999999.9772,1000000000.0,999999915,1000000000
yandex_deep,euclidean,robust-prune,96,10000,1000000000,486,999999999.9775,1000000000.0,999999916,1000000000
yandex_deep,euclidean,robust-prune,96,10000,1000000000,487,999999999.9778,1000000000.0,999999917,1000000000
yandex_deep,euclidean,robust-prune,96,10000,1000000000,488,999999999.9781,1000000000.0,999999918,1000000000
yandex_deep,euclidean,robust-prune,96,10000,1000000000,489,999999999.9786,1000000000.0,999999919,1000000000
yandex_deep,euclidean,robust-prune,96,10000,1000000000,490,999999999.9789,1000000000.0,999999920,1000000000
yandex_deep,euclidean,robust-prune,96,10000,1000000000,491,999999999.9793,1000000000.0,999999921,1000000000
yandex_deep,euclidean,robust-prune,96,10000,1000000000,492,999999999.9796,1000000000.0,999999922,1000000000
yandex_deep,euclidean,robust-prune,96,10000,1000000000,493,999999999.9799,1000000000.0,999999923,1000000000
yandex_deep,euclidean,robust-prune,96,10000,1000000000,494,999999999.9804,1000000000.0,999999926,1000000000
yandex_deep,euclidean,robust-prune,96,10000,1000000000,495,999999999.9807,1000000000.0,999999927,1000000000
yandex_deep,euclidean,robust-prune,96,10000,1000000000,496,999999999.981,1000000000.0,999999928,1000000000
yandex_deep,euclidean,robust-prune,96,10000,1000000000,497,999999999.9813,1000000000.0,999999929,1000000000
yandex_deep,euclidean,robust-prune,96,10000,1000000000,498,999999999.982,1000000000.0,999999932,1000000000
yandex_deep,euclidean,robust-prune,96,10000,1000000000,499,999999999.9823,1000000000.0,999999933,1000000000
yandex_deep,euclidean,robust-prune,96,10000,1000000000,500,999999999.9827,1000000000.0,999999934,1000000000
yandex_deep,euclidean,robust-prune,96,10000,1000000000,501,999999999.983,1000000000.0,999999935,1000000000
yandex_deep,euclidean,robust-prune,96,10000,1000000000,502,999999999.9834,1000000000.0,999999936,1000000000
yandex_deep,euclidean,robust-prune,96,10000,1000000000,503,999999999.9838,1000000000.0,999999937,1000000000
yandex_deep,euclidean,robust-prune,96,10000,1000000000,504,999999999.9842,1000000000.0,999999938,1000000000
yandex_deep,euclidean,robust-prune,96,10000,1000000000,505,999999999.9845,1000000000.0,999999939,1000000000
yandex_deep,euclidean,robust-prune,96,10000,1000000000,506,999999999.9849,1000000000.0,999999941,1000000000
yandex_deep,euclidean,robust-prune,96,10000,1000000000,507,999999999.9852,1000000000.0,999999942,1000000000
yandex_deep,euclidean,robust-prune,96,10000,1000000000,508,999999999.9856,1000000000.0,999999943,1000000000
yandex_deep,euclidean,robust-prune,96,10000,1000000000,509,999999999.9859,1000000000.0,999999944,1000000000
yandex_deep,euclidean,robust-prune,96,10000,1000000000,510,999999999.9862,1000000000.0,999999945,1000000000
yandex_deep,euclidean,robust-prune,96,10000,1000000000,511,999999999.9865,1000000000.0,999999946,1000000000
yandex_deep,euclidean,robust-prune,96,10000,1000000000,512,999999999.9868,1000000000.0,999999947,1000000000
yandex_deep,euclidean,robust-prune,96,10000,1000000000,513,999999999.9871,1000000000.0,999999948,1000000000
yandex_deep,euclidean,robust-prune,96,10000,1000000000,514,999999999.9874,1000000000.0,999999949,1000000000
yandex_deep,euclidean,robust-prune,96,10000,1000000000,515,999999999.9877,1000000000.0,999999950,1000000000
yandex_deep,euclidean,robust-prune,96,10000,1000000000,516,999999999.988,1000000000.0,999999951,1000000000
yandex_deep,euclidean,robust-prune,96,10000,1000000000,517,999999999.9883,1000000000.0,999999952,1000000000
yandex_deep,euclidean,robust-prune,96,10000,1000000000,518,999999999.9886,1000000000.0,999999953,1000000000
yandex_deep,euclidean,robust-prune,96,10000,1000000000,519,999999999.989,1000000000.0,999999954,1000000000
yandex_deep,euclidean,robust-prune,96,10000,1000000000,520,999999999.9893,1000000000.0,999999955,1000000000
yandex_deep,euclidean,robust-prune,96,10000,1000000000,521,999999999.9896,1000000000.0,999999956,1000000000
yandex_deep,euclidean,robust-prune,96,10000,1000000000,522,999999999.9899,1000000000.0,999999957,1000000000
yandex_deep,euclidean,robust-prune,96,10000,1000000000,523,999999999.9904,1000000000.0,999999960,1000000000
yandex_deep,euclidean,robust-prune,96,10000,1000000000,524,999999999.9907,1000000000.0,999999961,1000000000
yandex_deep,euclidean,robust-prune,96,10000,1000000000,525,999999999.991,1000000000.0,999999962,1000000000
yandex_deep,euclidean,robust-prune,96,10000,1000000000,526,999999999.9913,1000000000.0,999999963,1000000000
yandex_deep,euclidean,robust-prune,96,10000,1000000000,527,999999999.9916,1000000000.0,999999964,1000000000
yandex_deep,euclidean,robust-prune,96,10000,1000000000,528,999999999.992,1000000000.0,999999965,1000000000
yandex_deep,euclidean,robust-prune,96,10000,1000000000,529,999999999.9924,1000000000.0,999999966,1000000000
yandex_deep,euclidean,robust-prune,96,10000,1000000000,530,999999999.9927,1000000000.0,999999967,1000000000
yandex_deep,euclidean,robust-prune,96,10000,1000000000,531,999999999.993,1000000000.0,999999968,1000000000
yandex_deep,euclidean,robust-prune,96,10000,1000000000,532,999999999.9933,1000000000.0,999999969,1000000000
yandex_deep,euclidean,robust-prune,96,10000,1000000000,533,999999999.9936,1000000000.0,999999970,1000000000
yandex_deep,euclidean,robust-prune,96,10000,1000000000,534,999999999.9939,1000000000.0,999999971,1000000000
yandex_deep,euclidean,robust-prune,96,10000,1000000000,535,999999999.9943,1000000000.0,999999972,1000000000
yandex_deep,euclidean,robust-prune,96,10000,1000000000,536,999999999.9946,1000000000.0,999999973,1000000000
yandex_deep,euclidean,robust-prune,96,10000,1000000000,537,999999999.9949,1000000000.0,999999974,1000000000
yandex_deep,euclidean,robust-prune,96,10000,1000000000,538,999999999.9952,1000000000.0,999999975,1000000000
yandex_deep,euclidean,robust-prune,96,10000,1000000000,539,999999999.9955,1000000000.0,999999976,1000000000
yandex_deep,euclidean,robust-prune,96,10000,1000000000,540,999999999.9958,1000000000.0,999999977,1000000000
yandex_deep,euclidean,robust-prune,96,10000,1000000000,541,999999999.9961,1000000000.0,999999978,1000000000
yandex_deep,euclidean,robust-prune,96,10000,1000000000,542,999999999.9963,1000000000.0,999999979,1000000000
yandex_deep,euclidean,robust-prune,96,10000,1000000000,543,999999999.9965,1000000000.0,999999980,1000000000
yandex_deep,euclidean,robust-prune,96,10000,1000000000,544,999999999.9969,1000000000.0,999999983,1000000000
yandex_deep,euclidean,robust-prune,96,10000,1000000000,545,999999999.9971,1000000000.0,999999984,1000000000
yandex_deep,euclidean,robust-prune,96,10000,1000000000,546,999999999.9974,1000000000.0,999999986,1000000000
yandex_deep,euclidean,robust-prune,96,10000,1000000000,547,999999999.9976,1000000000.0,999999987,1000000000
yandex_deep,euclidean,robust-prune,96,10000,1000000000,548,999999999.9978,1000000000.0,999999988,1000000000
yandex_deep,euclidean,robust-prune,96,10000,1000000000,549,999999999.998,1000000000.0,999999989,1000000000
yandex_deep,euclidean,robust-prune,96,10000,1000000000,550,999999999.9982,1000000000.0,999999990,1000000000
yandex_deep,euclidean,robust-prune,96,10000,1000000000,551,999999999.9984,1000000000.0,999999991,1000000000
yandex_deep,euclidean,robust-prune,96,10000,1000000000,552,999999999.9986,1000000000.0,999999992,1000000000
yandex_deep,euclidean,robust-prune,96,10000,1000000000,553,999999999.9988,1000000000.0,999999993,1000000000
yandex_deep,euclidean,robust-prune,96,10000,1000000000,554,999999999.999,1000000000.0,999999994,1000000000
yandex_deep,euclidean,robust-prune,96,10000,1000000000,555,999999999.9992,1000000000.0,999999995,1000000000
yandex_deep,euclidean,robust-prune,96,10000,1000000000,556,999999999.9994,1000000000.0,999999996,1000000000
yandex_deep,euclidean,robust-prune,96,10000,1000000000,557,999999999.9996,1000000000.0,999999997,1000000000
yandex_deep,euclidean,robust-prune,96,10000,1000000000,558,999999999.9998,1000000000.0,999999998,1000000000
yandex_deep,euclidean,robust-prune,96,10000,1000000000,559,999999999.9999,1000000000.0,999999999,1000000000
yandex_deep,euclidean,robust-prune,96,10000,1000000000,560,1000000000.0,1000000000.0,1000000000,1000000000
