source_id,total points,edges,points covered,coverage frac
486439805,1000000000,1,324804468,0.324804468
486439805,1000000000,2,605912362,0.605912362
486439805,1000000000,3,788964321,0.788964321
486439805,1000000000,4,868926599,0.868926599
486439805,1000000000,5,914224116,0.914224116
486439805,1000000000,6,946948303,0.946948303
486439805,1000000000,7,958520460,0.95852046
486439805,1000000000,8,964245017,0.964245017
486439805,1000000000,9,971180603,0.971180603
486439805,1000000000,10,975056162,0.975056162
486439805,1000000000,11,980206453,0.980206453
486439805,1000000000,12,984874431,0.984874431
486439805,1000000000,13,985386561,0.985386561
486439805,1000000000,14,985947317,0.985947317
486439805,1000000000,15,989258711,0.989258711
486439805,1000000000,16,990432564,0.990432564
486439805,1000000000,17,992502659,0.992502659
486439805,1000000000,18,992841447,0.992841447
486439805,1000000000,19,994937178,0.994937178
486439805,1000000000,20,995049548,0.995049548
486439805,1000000000,21,995304658,0.995304658
486439805,1000000000,22,995402478,0.995402478
486439805,1000000000,23,995751498,0.995751498
486439805,1000000000,24,996061771,0.996061771
486439805,1000000000,25,996884612,0.996884612
486439805,1000000000,26,996989425,0.996989425
486439805,1000000000,27,998322773,0.998322773
486439805,1000000000,28,998707576,0.998707576
486439805,1000000000,29,998843123,0.998843123
486439805,1000000000,30,999174112,0.999174112
486439805,1000000000,31,999207263,0.999207263
486439805,1000000000,32,999243634,0.999243634
486439805,1000000000,33,999527049,0.999527049
486439805,1000000000,34,999641097,0.999641097
486439805,1000000000,35,999669000,0.999669
486439805,1000000000,36,999672868,0.999672868
486439805,1000000000,37,999695531,0.999695531
486439805,1000000000,38,999705777,0.999705777
486439805,1000000000,39,999739069,0.999739069
486439805,1000000000,40,999760084,0.999760084
486439805,1000000000,41,999775217,0.999775217
486439805,1000000000,42,999844155,0.999844155
486439805,1000000000,43,999847907,0.999847907
486439805,1000000000,44,999868805,0.999868805
486439805,1000000000,45,999870830,0.99987083
486439805,1000000000,46,999886695,0.999886695
486439805,1000000000,47,999888136,0.999888136
486439805,1000000000,48,999889751,0.999889751
486439805,1000000000,49,999911418,0.999911418
486439805,1000000000,50,999923985,0.999923985
486439805,1000000000,51,999925868,0.999925868
486439805,1000000000,52,999930493,0.999930493
486439805,1000000000,53,999935229,0.999935229
486439805,1000000000,54,999939273,0.999939273
486439805,1000000000,55,999939917,0.999939917
486439805,1000000000,56,999940685,0.999940685
486439805,1000000000,57,999946904,0.999946904
486439805,1000000000,58,999954376,0.999954376
486439805,1000000000,59,999956710,0.99995671
486439805,1000000000,60,999957732,0.999957732
486439805,1000000000,61,999958848,0.999958848
486439805,1000000000,62,999962756,0.999962756
486439805,1000000000,63,999965113,0.999965113
486439805,1000000000,64,999972777,0.999972777
486439805,1000000000,65,999973752,0.999973752
486439805,1000000000,66,999974642,0.999974642
486439805,1000000000,67,999976195,0.999976195
486439805,1000000000,68,999976479,0.999976479
486439805,1000000000,69,999977470,0.99997747
486439805,1000000000,70,999977674,0.999977674
486439805,1000000000,71,999978698,0.999978698
486439805,1000000000,72,999980339,0.999980339
486439805,1000000000,73,999980680,0.99998068
486439805,1000000000,74,999980880,0.99998088
486439805,1000000000,75,999981558,0.999981558
486439805,1000000000,76,999983894,0.999983894
486439805,1000000000,77,999984460,0.99998446
486439805,1000000000,78,999984628,0.999984628
486439805,1000000000,79,999984905,0.999984905
486439805,1000000000,80,999986432,0.999986432
486439805,1000000000,81,999987092,0.999987092
486439805,1000000000,82,999987135,0.999987135
486439805,1000000000,83,999987193,0.999987193
486439805,1000000000,84,999988028,0.999988028
486439805,1000000000,85,999988190,0.99998819
486439805,1000000000,86,999989244,0.999989244
486439805,1000000000,87,999989568,0.999989568
486439805,1000000000,88,999989976,0.999989976
486439805,1000000000,89,999990164,0.999990164
486439805,1000000000,90,999990193,0.999990193
486439805,1000000000,91,999990677,0.999990677
486439805,1000000000,92,999991036,0.999991036
486439805,1000000000,93,999991145,0.999991145
486439805,1000000000,94,999991389,0.999991389
486439805,1000000000,95,999991489,0.999991489
486439805,1000000000,96,999991568,0.999991568
486439805,1000000000,97,999992064,0.999992064
486439805,1000000000,98,999992170,0.99999217
486439805,1000000000,99,999992348,0.999992348
486439805,1000000000,100,999992521,0.999992521
486439805,1000000000,101,999992580,0.99999258
486439805,1000000000,102,999992947,0.999992947
486439805,1000000000,103,999993078,0.999993078
486439805,1000000000,104,999993302,0.999993302
486439805,1000000000,105,999993515,0.999993515
486439805,1000000000,106,999993840,0.99999384
486439805,1000000000,107,999993883,0.999993883
486439805,1000000000,108,999993923,0.999993923
486439805,1000000000,109,999994159,0.999994159
486439805,1000000000,110,999994201,0.999994201
486439805,1000000000,111,999994384,0.999994384
486439805,1000000000,112,999994396,0.999994396
486439805,1000000000,113,999994609,0.999994609
486439805,1000000000,114,999994683,0.999994683
486439805,1000000000,115,999994737,0.999994737
486439805,1000000000,116,999994756,0.999994756
486439805,1000000000,117,999994774,0.999994774
486439805,1000000000,118,999994808,0.999994808
486439805,1000000000,119,999994985,0.999994985
486439805,1000000000,120,999995097,0.999995097
486439805,1000000000,121,999995127,0.999995127
486439805,1000000000,122,999995143,0.999995143
486439805,1000000000,123,999995241,0.999995241
486439805,1000000000,124,999995749,0.999995749
486439805,1000000000,125,999995991,0.999995991
486439805,1000000000,126,999996291,0.999996291
486439805,1000000000,127,999996468,0.999996468
486439805,1000000000,128,999996500,0.9999965
486439805,1000000000,129,999996542,0.999996542
486439805,1000000000,130,999996586,0.999996586
486439805,1000000000,131,999996646,0.999996646
486439805,1000000000,132,999996672,0.999996672
486439805,1000000000,133,999996706,0.999996706
486439805,1000000000,134,999996765,0.999996765
486439805,1000000000,135,999996871,0.999996871
486439805,1000000000,136,999996886,0.999996886
486439805,1000000000,137,999996929,0.999996929
486439805,1000000000,138,999996957,0.999996957
486439805,1000000000,139,999997010,0.99999701
486439805,1000000000,140,999997040,0.99999704
486439805,1000000000,141,999997054,0.999997054
486439805,1000000000,142,999997062,0.999997062
486439805,1000000000,143,999997097,0.999997097
486439805,1000000000,144,999997167,0.999997167
486439805,1000000000,145,999997197,0.999997197
486439805,1000000000,146,999997234,0.999997234
486439805,1000000000,147,999997265,0.999997265
486439805,1000000000,148,999997309,0.999997309
486439805,1000000000,149,999997320,0.99999732
486439805,1000000000,150,999997340,0.99999734
486439805,1000000000,151,999997507,0.999997507
486439805,1000000000,152,999997574,0.999997574
486439805,1000000000,153,999997582,0.999997582
486439805,1000000000,154,999997620,0.99999762
486439805,1000000000,155,999997704,0.999997704
486439805,1000000000,156,999997708,0.999997708
486439805,1000000000,157,999997736,0.999997736
486439805,1000000000,158,999997759,0.999997759
486439805,1000000000,159,999997769,0.999997769
486439805,1000000000,160,999997817,0.999997817
486439805,1000000000,161,999997906,0.999997906
486439805,1000000000,162,999997958,0.999997958
486439805,1000000000,163,999998075,0.999998075
486439805,1000000000,164,999998087,0.999998087
486439805,1000000000,165,999998097,0.999998097
486439805,1000000000,166,999998133,0.999998133
486439805,1000000000,167,999998149,0.999998149
486439805,1000000000,168,999998161,0.999998161
486439805,1000000000,169,999998180,0.99999818
486439805,1000000000,170,999998233,0.999998233
486439805,1000000000,171,999998253,0.999998253
486439805,1000000000,172,999998265,0.999998265
486439805,1000000000,173,999998298,0.999998298
486439805,1000000000,174,999998345,0.999998345
486439805,1000000000,175,999998365,0.999998365
486439805,1000000000,176,999998382,0.999998382
486439805,1000000000,177,999998385,0.999998385
486439805,1000000000,178,999998398,0.999998398
486439805,1000000000,179,999998415,0.999998415
486439805,1000000000,180,999998429,0.999998429
486439805,1000000000,181,999998436,0.999998436
486439805,1000000000,182,999998452,0.999998452
486439805,1000000000,183,999998466,0.999998466
486439805,1000000000,184,999998493,0.999998493
486439805,1000000000,185,999998573,0.999998573
486439805,1000000000,186,999998603,0.999998603
486439805,1000000000,187,999998628,0.999998628
486439805,1000000000,188,999998640,0.99999864
486439805,1000000000,189,999998656,0.999998656
486439805,1000000000,190,999998670,0.99999867
486439805,1000000000,191,999998687,0.999998687
486439805,1000000000,192,999998699,0.999998699
486439805,1000000000,193,999998767,0.999998767
486439805,1000000000,194,999998789,0.999998789
486439805,1000000000,195,999998826,0.999998826
486439805,1000000000,196,999998833,0.999998833
486439805,1000000000,197,999998836,0.999998836
486439805,1000000000,198,999998859,0.999998859
486439805,1000000000,199,999998892,0.999998892
486439805,1000000000,200,999998896,0.999998896
486439805,1000000000,201,999998905,0.999998905
486439805,1000000000,202,999998913,0.999998913
486439805,1000000000,203,999998921,0.999998921
486439805,1000000000,204,999998929,0.999998929
486439805,1000000000,205,999998943,0.999998943
486439805,1000000000,206,999998954,0.999998954
486439805,1000000000,207,999998957,0.999998957
486439805,1000000000,208,999998971,0.999998971
486439805,1000000000,209,999998972,0.999998972
486439805,1000000000,210,999998997,0.999998997
486439805,1000000000,211,999999014,0.999999014
486439805,1000000000,212,999999022,0.999999022
486439805,1000000000,213,999999023,0.999999023
486439805,1000000000,214,999999047,0.999999047
486439805,1000000000,215,999999061,0.999999061
486439805,1000000000,216,999999062,0.999999062
486439805,1000000000,217,999999070,0.99999907
486439805,1000000000,218,999999082,0.999999082
486439805,1000000000,219,999999092,0.999999092
486439805,1000000000,220,999999104,0.999999104
486439805,1000000000,221,999999110,0.99999911
486439805,1000000000,222,999999126,0.999999126
486439805,1000000000,223,999999128,0.999999128
486439805,1000000000,224,999999162,0.999999162
486439805,1000000000,225,999999168,0.999999168
486439805,1000000000,226,999999170,0.99999917
486439805,1000000000,227,999999180,0.99999918
486439805,1000000000,228,999999186,0.999999186
486439805,1000000000,229,999999207,0.999999207
486439805,1000000000,230,999999218,0.999999218
486439805,1000000000,231,999999223,0.999999223
486439805,1000000000,232,999999225,0.999999225
486439805,1000000000,233,999999228,0.999999228
486439805,1000000000,234,999999298,0.999999298
486439805,1000000000,235,999999308,0.999999308
486439805,1000000000,236,999999311,0.999999311
486439805,1000000000,237,999999316,0.999999316
486439805,1000000000,238,999999319,0.999999319
486439805,1000000000,239,999999320,0.99999932
486439805,1000000000,240,999999335,0.999999335
486439805,1000000000,241,999999340,0.99999934
486439805,1000000000,242,999999343,0.999999343
486439805,1000000000,243,999999345,0.999999345
486439805,1000000000,244,999999352,0.999999352
486439805,1000000000,245,999999354,0.999999354
486439805,1000000000,246,999999356,0.999999356
486439805,1000000000,247,999999364,0.999999364
486439805,1000000000,248,999999369,0.999999369
486439805,1000000000,249,999999376,0.999999376
486439805,1000000000,250,999999380,0.99999938
486439805,1000000000,251,999999387,0.999999387
486439805,1000000000,252,999999388,0.999999388
486439805,1000000000,253,999999394,0.999999394
486439805,1000000000,254,999999398,0.999999398
486439805,1000000000,255,999999407,0.999999407
486439805,1000000000,256,999999408,0.999999408
486439805,1000000000,257,999999410,0.99999941
486439805,1000000000,258,999999428,0.999999428
486439805,1000000000,259,999999433,0.999999433
486439805,1000000000,260,999999436,0.999999436
486439805,1000000000,261,999999438,0.999999438
486439805,1000000000,262,999999440,0.99999944
486439805,1000000000,263,999999444,0.999999444
486439805,1000000000,264,999999446,0.999999446
486439805,1000000000,265,999999452,0.999999452
486439805,1000000000,266,999999454,0.999999454
486439805,1000000000,267,999999459,0.999999459
486439805,1000000000,268,999999462,0.999999462
486439805,1000000000,269,999999463,0.999999463
486439805,1000000000,270,999999473,0.999999473
486439805,1000000000,271,999999474,0.999999474
486439805,1000000000,272,999999479,0.999999479
486439805,1000000000,273,999999485,0.999999485
486439805,1000000000,274,999999489,0.999999489
486439805,1000000000,275,999999490,0.99999949
486439805,1000000000,276,999999492,0.999999492
486439805,1000000000,277,999999494,0.999999494
486439805,1000000000,278,999999496,0.999999496
486439805,1000000000,279,999999499,0.999999499
486439805,1000000000,280,999999503,0.999999503
486439805,1000000000,281,999999505,0.999999505
486439805,1000000000,282,999999507,0.999999507
486439805,1000000000,283,999999511,0.999999511
486439805,1000000000,284,999999514,0.999999514
486439805,1000000000,285,999999523,0.999999523
486439805,1000000000,286,999999525,0.999999525
486439805,1000000000,287,999999526,0.999999526
486439805,1000000000,288,999999542,0.999999542
486439805,1000000000,289,999999544,0.999999544
486439805,1000000000,290,999999545,0.999999545
486439805,1000000000,291,999999547,0.999999547
486439805,1000000000,292,999999549,0.999999549
486439805,1000000000,293,999999552,0.999999552
486439805,1000000000,294,999999557,0.999999557
486439805,1000000000,295,999999559,0.999999559
486439805,1000000000,296,999999561,0.999999561
486439805,1000000000,297,999999565,0.999999565
486439805,1000000000,298,999999569,0.999999569
486439805,1000000000,299,999999572,0.999999572
486439805,1000000000,300,999999573,0.999999573
486439805,1000000000,301,999999579,0.999999579
486439805,1000000000,302,999999581,0.999999581
486439805,1000000000,303,999999583,0.999999583
486439805,1000000000,304,999999587,0.999999587
486439805,1000000000,305,999999590,0.99999959
486439805,1000000000,306,999999591,0.999999591
486439805,1000000000,307,999999592,0.999999592
486439805,1000000000,308,999999595,0.999999595
486439805,1000000000,309,999999602,0.999999602
486439805,1000000000,310,999999606,0.999999606
486439805,1000000000,311,999999608,0.999999608
486439805,1000000000,312,999999611,0.999999611
486439805,1000000000,313,999999613,0.999999613
486439805,1000000000,314,999999616,0.999999616
486439805,1000000000,315,999999619,0.999999619
486439805,1000000000,316,999999626,0.999999626
486439805,1000000000,317,999999629,0.999999629
486439805,1000000000,318,999999632,0.999999632
486439805,1000000000,319,999999634,0.999999634
486439805,1000000000,320,999999638,0.999999638
486439805,1000000000,321,999999640,0.99999964
486439805,1000000000,322,999999642,0.999999642
486439805,1000000000,323,999999646,0.999999646
486439805,1000000000,324,999999649,0.999999649
486439805,1000000000,325,999999650,0.99999965
486439805,1000000000,326,999999652,0.999999652
486439805,1000000000,327,999999658,0.999999658
486439805,1000000000,328,999999659,0.999999659
486439805,1000000000,329,999999660,0.99999966
486439805,1000000000,330,999999666,0.999999666
486439805,1000000000,331,999999669,0.999999669
486439805,1000000000,332,999999670,0.99999967
486439805,1000000000,333,999999673,0.999999673
486439805,1000000000,334,999999676,0.999999676
486439805,1000000000,335,999999678,0.999999678
486439805,1000000000,336,999999682,0.999999682
486439805,1000000000,337,999999687,0.999999687
486439805,1000000000,338,999999688,0.999999688
486439805,1000000000,339,999999690,0.99999969
486439805,1000000000,340,999999692,0.999999692
486439805,1000000000,341,999999694,0.999999694
486439805,1000000000,342,999999695,0.999999695
486439805,1000000000,343,999999697,0.999999697
486439805,1000000000,344,999999699,0.999999699
486439805,1000000000,345,999999703,0.999999703
486439805,1000000000,346,999999705,0.999999705
486439805,1000000000,347,999999706,0.999999706
486439805,1000000000,348,999999708,0.999999708
486439805,1000000000,349,999999711,0.999999711
486439805,1000000000,350,999999712,0.999999712
486439805,1000000000,351,999999714,0.999999714
486439805,1000000000,352,999999715,0.999999715
486439805,1000000000,353,999999716,0.999999716
486439805,1000000000,354,999999717,0.999999717
486439805,1000000000,355,999999720,0.99999972
486439805,1000000000,356,999999723,0.999999723
486439805,1000000000,357,999999725,0.999999725
486439805,1000000000,358,999999728,0.999999728
486439805,1000000000,359,999999729,0.999999729
486439805,1000000000,360,999999732,0.999999732
486439805,1000000000,361,999999733,0.999999733
486439805,1000000000,362,999999736,0.999999736
486439805,1000000000,363,999999737,0.999999737
486439805,1000000000,364,999999738,0.999999738
486439805,1000000000,365,999999739,0.999999739
486439805,1000000000,366,999999740,0.99999974
486439805,1000000000,367,999999741,0.999999741
486439805,1000000000,368,999999743,0.999999743
486439805,1000000000,369,999999744,0.999999744
486439805,1000000000,370,999999745,0.999999745
486439805,1000000000,371,999999746,0.999999746
486439805,1000000000,372,999999748,0.999999748
486439805,1000000000,373,999999750,0.99999975
486439805,1000000000,374,999999751,0.999999751
486439805,1000000000,375,999999755,0.999999755
486439805,1000000000,376,999999756,0.999999756
486439805,1000000000,377,999999760,0.99999976
486439805,1000000000,378,999999761,0.999999761
486439805,1000000000,379,999999762,0.999999762
486439805,1000000000,380,999999764,0.999999764
486439805,1000000000,381,999999765,0.999999765
486439805,1000000000,382,999999766,0.999999766
486439805,1000000000,383,999999769,0.999999769
486439805,1000000000,384,999999771,0.999999771
486439805,1000000000,385,999999775,0.999999775
486439805,1000000000,386,999999776,0.999999776
486439805,1000000000,387,999999777,0.999999777
486439805,1000000000,388,999999778,0.999999778
486439805,1000000000,389,999999781,0.999999781
486439805,1000000000,390,999999784,0.999999784
486439805,1000000000,391,999999785,0.999999785
486439805,1000000000,392,999999786,0.999999786
486439805,1000000000,393,999999788,0.999999788
486439805,1000000000,394,999999789,0.999999789
486439805,1000000000,395,999999792,0.999999792
486439805,1000000000,396,999999793,0.999999793
486439805,1000000000,397,999999794,0.999999794
486439805,1000000000,398,999999798,0.999999798
486439805,1000000000,399,999999800,0.9999998
486439805,1000000000,400,999999801,0.999999801
486439805,1000000000,401,999999803,0.999999803
486439805,1000000000,402,999999804,0.999999804
486439805,1000000000,403,999999805,0.999999805
486439805,1000000000,404,999999806,0.999999806
486439805,1000000000,405,999999807,0.999999807
486439805,1000000000,406,999999808,0.999999808
486439805,1000000000,407,999999810,0.99999981
486439805,1000000000,408,999999811,0.999999811
486439805,1000000000,409,999999813,0.999999813
486439805,1000000000,410,999999814,0.999999814
486439805,1000000000,411,999999815,0.999999815
486439805,1000000000,412,999999817,0.999999817
486439805,1000000000,413,999999818,0.999999818
486439805,1000000000,414,999999819,0.999999819
486439805,1000000000,415,999999820,0.99999982
486439805,1000000000,416,999999823,0.999999823
486439805,1000000000,417,999999825,0.999999825
486439805,1000000000,418,999999827,0.999999827
486439805,1000000000,419,999999830,0.99999983
486439805,1000000000,420,999999831,0.999999831
486439805,1000000000,421,999999832,0.999999832
486439805,1000000000,422,999999834,0.999999834
486439805,1000000000,423,999999836,0.999999836
486439805,1000000000,424,999999838,0.999999838
486439805,1000000000,425,999999839,0.999999839
486439805,1000000000,426,999999840,0.99999984
486439805,1000000000,427,999999841,0.999999841
486439805,1000000000,428,999999843,0.999999843
486439805,1000000000,429,999999844,0.999999844
486439805,1000000000,430,999999845,0.999999845
486439805,1000000000,431,999999846,0.999999846
486439805,1000000000,432,999999847,0.999999847
486439805,1000000000,433,999999848,0.999999848
486439805,1000000000,434,999999850,0.99999985
486439805,1000000000,435,999999851,0.999999851
486439805,1000000000,436,999999852,0.999999852
486439805,1000000000,437,999999853,0.999999853
486439805,1000000000,438,999999855,0.999999855
486439805,1000000000,439,999999856,0.999999856
486439805,1000000000,440,999999857,0.999999857
486439805,1000000000,441,999999859,0.999999859
486439805,1000000000,442,999999860,0.99999986
486439805,1000000000,443,999999861,0.999999861
486439805,1000000000,444,999999862,0.999999862
486439805,1000000000,445,999999865,0.999999865
486439805,1000000000,446,999999866,0.999999866
486439805,1000000000,447,999999867,0.999999867
486439805,1000000000,448,999999869,0.999999869
486439805,1000000000,449,999999870,0.99999987
486439805,1000000000,450,999999871,0.999999871
486439805,1000000000,451,999999872,0.999999872
486439805,1000000000,452,999999873,0.999999873
486439805,1000000000,453,999999875,0.999999875
486439805,1000000000,454,999999876,0.999999876
486439805,1000000000,455,999999877,0.999999877
486439805,1000000000,456,999999878,0.999999878
486439805,1000000000,457,999999879,0.999999879
486439805,1000000000,458,999999880,0.99999988
486439805,1000000000,459,999999881,0.999999881
486439805,1000000000,460,999999882,0.999999882
486439805,1000000000,461,999999884,0.999999884
486439805,1000000000,462,999999885,0.999999885
486439805,1000000000,463,999999886,0.999999886
486439805,1000000000,464,999999887,0.999999887
486439805,1000000000,465,999999888,0.999999888
486439805,1000000000,466,999999889,0.999999889
486439805,1000000000,467,999999890,0.99999989
486439805,1000000000,468,999999891,0.999999891
486439805,1000000000,469,999999892,0.999999892
486439805,1000000000,470,999999893,0.999999893
486439805,1000000000,471,999999894,0.999999894
486439805,1000000000,472,999999895,0.999999895
486439805,1000000000,473,999999897,0.999999897
486439805,1000000000,474,999999899,0.999999899
486439805,1000000000,475,999999900,0.9999999
486439805,1000000000,476,999999901,0.999999901
486439805,1000000000,477,999999902,0.999999902
486439805,1000000000,478,999999905,0.999999905
486439805,1000000000,479,999999906,0.999999906
486439805,1000000000,480,999999909,0.999999909
486439805,1000000000,481,999999910,0.99999991
486439805,1000000000,482,999999912,0.999999912
486439805,1000000000,483,999999913,0.999999913
486439805,1000000000,484,999999914,0.999999914
486439805,1000000000,485,999999915,0.999999915
486439805,1000000000,486,999999916,0.999999916
486439805,1000000000,487,999999917,0.999999917
486439805,1000000000,488,999999918,0.999999918
486439805,1000000000,489,999999919,0.999999919
486439805,1000000000,490,999999920,0.99999992
486439805,1000000000,491,999999921,0.999999921
486439805,1000000000,492,999999922,0.999999922
486439805,1000000000,493,999999923,0.999999923
486439805,1000000000,494,999999926,0.999999926
486439805,1000000000,495,999999927,0.999999927
486439805,1000000000,496,999999928,0.999999928
486439805,1000000000,497,999999929,0.999999929
486439805,1000000000,498,999999932,0.999999932
486439805,1000000000,499,999999933,0.999999933
486439805,1000000000,500,999999934,0.999999934
486439805,1000000000,501,999999935,0.999999935
486439805,1000000000,502,999999936,0.999999936
486439805,1000000000,503,999999937,0.999999937
486439805,1000000000,504,999999938,0.999999938
486439805,1000000000,505,999999939,0.999999939
486439805,1000000000,506,999999941,0.999999941
486439805,1000000000,507,999999942,0.999999942
486439805,1000000000,508,999999943,0.999999943
486439805,1000000000,509,999999944,0.999999944
486439805,1000000000,510,999999945,0.999999945
486439805,1000000000,511,999999946,0.999999946
486439805,1000000000,512,999999947,0.999999947
486439805,1000000000,513,999999948,0.999999948
486439805,1000000000,514,999999949,0.999999949
486439805,1000000000,515,999999950,0.99999995
486439805,1000000000,516,999999951,0.999999951
486439805,1000000000,517,999999952,0.999999952
486439805,1000000000,518,999999953,0.999999953
486439805,1000000000,519,999999954,0.999999954
486439805,1000000000,520,999999955,0.999999955
486439805,1000000000,521,999999956,0.999999956
486439805,1000000000,522,999999957,0.999999957
486439805,1000000000,523,999999960,0.99999996
486439805,1000000000,524,999999961,0.999999961
486439805,1000000000,525,999999962,0.999999962
486439805,1000000000,526,999999963,0.999999963
486439805,1000000000,527,999999964,0.999999964
486439805,1000000000,528,999999965,0.999999965
486439805,1000000000,529,999999966,0.999999966
486439805,1000000000,530,999999967,0.999999967
486439805,1000000000,531,999999968,0.999999968
486439805,1000000000,532,999999969,0.999999969
486439805,1000000000,533,999999970,0.99999997
486439805,1000000000,534,999999971,0.999999971
486439805,1000000000,535,999999972,0.999999972
486439805,1000000000,536,999999973,0.999999973
486439805,1000000000,537,999999974,0.999999974
486439805,1000000000,538,999999975,0.999999975
486439805,1000000000,539,999999976,0.999999976
486439805,1000000000,540,999999977,0.999999977
486439805,1000000000,541,999999978,0.999999978
486439805,1000000000,542,999999979,0.999999979
486439805,1000000000,543,999999980,0.99999998
486439805,1000000000,544,999999983,0.999999983
486439805,1000000000,545,999999984,0.999999984
486439805,1000000000,546,999999986,0.999999986
486439805,1000000000,547,999999987,0.999999987
486439805,1000000000,548,999999988,0.999999988
486439805,1000000000,549,999999989,0.999999989
486439805,1000000000,550,999999990,0.99999999
486439805,1000000000,551,999999991,0.999999991
486439805,1000000000,552,999999992,0.999999992
486439805,1000000000,553,999999993,0.999999993
486439805,1000000000,554,999999994,0.999999994
486439805,1000000000,555,999999995,0.999999995
486439805,1000000000,556,999999996,0.999999996
486439805,1000000000,557,999999997,0.999999997
486439805,1000000000,558,999999998,0.999999998
486439805,1000000000,559,999999999,0.999999999
486439805,1000000000,560,1000000000,1.0
